Id,sex,age,mother_job,father_job,reason,guardian,study_time,failures,school_support,family_support,paid_classes,activities,internet,free_time,go_out,health,absences,period1_score,period2_score,final_score,final_grade
1,F,18,at_home,teacher,course,mother,2,0,yes,no,no,no,no,3,4,3,6,5,6,6,poor
2,F,17,at_home,other,course,father,2,0,no,yes,no,no,yes,3,3,3,4,5,5,6,poor
3,F,15,at_home,other,other,mother,2,3,yes,no,yes,no,yes,3,2,3,10,7,8,10,fair
4,F,15,health,services,home,mother,3,0,no,yes,yes,yes,yes,2,2,5,2,15,14,15,good
5,F,16,other,other,home,father,2,0,no,yes,yes,no,no,3,2,5,4,6,10,10,fair
6,M,16,services,other,reputation,mother,2,0,no,yes,yes,yes,yes,4,2,5,10,15,15,15,good
7,M,16,other,other,home,mother,2,0,no,no,no,no,yes,4,4,3,0,12,12,11,fair
8,F,17,other,teacher,home,mother,2,0,yes,yes,no,no,no,1,4,1,6,6,5,6,poor
9,M,15,services,other,home,mother,2,0,no,yes,yes,no,yes,2,2,1,0,16,18,19,good
10,M,15,other,other,home,mother,2,0,no,yes,yes,yes,yes,5,1,5,0,14,15,15,good
11,F,15,teacher,health,reputation,mother,2,0,no,yes,yes,no,yes,3,3,2,0,10,8,9,poor
12,F,15,services,other,reputation,father,3,0,no,yes,no,yes,yes,2,2,4,4,10,12,12,fair
13,M,15,health,services,course,father,1,0,no,yes,yes,yes,yes,3,3,5,2,14,14,14,fair
14,M,15,teacher,other,course,mother,2,0,no,yes,yes,no,yes,4,3,3,2,10,10,11,fair
15,M,15,other,other,home,other,3,0,no,yes,no,no,yes,5,2,3,0,14,16,16,good
16,F,16,health,other,home,mother,1,0,no,yes,no,no,yes,4,4,2,4,14,14,14,fair
17,F,16,services,services,reputation,mother,3,0,no,yes,yes,yes,yes,2,3,2,6,13,14,14,fair
18,F,16,other,other,reputation,mother,2,0,yes,yes,no,yes,no,3,2,4,4,8,10,10,fair
19,M,17,services,services,course,mother,1,3,no,yes,no,yes,yes,5,5,5,16,6,5,5,poor
20,M,16,health,other,home,father,1,0,no,no,yes,yes,yes,1,3,5,4,8,10,10,fair
21,M,15,teacher,other,reputation,mother,2,0,no,no,no,no,yes,4,1,1,0,13,14,15,good
22,M,15,health,health,other,father,1,0,no,yes,yes,no,yes,4,2,5,0,12,15,15,good
23,M,16,teacher,other,course,mother,2,0,no,no,no,yes,yes,5,1,5,2,15,15,16,good
24,M,16,other,other,reputation,mother,2,0,no,yes,no,yes,yes,4,4,5,0,13,13,12,fair
25,F,15,services,health,course,mother,3,0,yes,yes,yes,yes,yes,3,2,5,2,10,9,8,poor
26,F,16,services,services,home,mother,1,2,no,yes,yes,no,yes,2,2,5,14,6,9,8,poor
27,M,15,other,other,home,mother,1,0,no,yes,yes,no,yes,2,2,5,2,12,12,11,fair
28,M,15,health,services,other,mother,1,0,no,no,yes,no,yes,2,4,1,4,15,16,15,good
29,M,16,services,other,home,mother,2,0,yes,yes,no,yes,yes,3,3,5,4,11,11,11,fair
30,M,16,teacher,teacher,home,mother,2,0,no,yes,yes,yes,yes,4,5,5,16,10,12,11,fair
31,M,15,health,services,home,mother,2,0,no,yes,yes,no,yes,4,2,5,0,9,11,12,fair
32,M,15,services,services,reputation,mother,2,0,no,yes,no,yes,yes,3,1,5,0,17,16,17,good
33,M,15,teacher,at_home,course,mother,2,0,no,yes,no,yes,yes,5,2,5,0,17,16,16,good
34,M,15,other,other,course,mother,2,0,no,no,no,yes,yes,3,2,2,0,8,10,12,fair
35,M,16,other,other,home,mother,1,0,no,yes,yes,no,yes,4,3,5,0,12,14,15,good
36,F,15,other,other,other,father,1,0,no,yes,no,yes,no,5,1,5,0,8,7,6,poor
37,M,15,teacher,services,home,mother,3,0,no,yes,no,yes,yes,4,3,4,2,15,16,18,good
38,M,16,other,teacher,reputation,mother,3,0,no,yes,no,yes,yes,4,3,5,7,15,16,15,good
39,F,15,services,health,course,mother,3,0,yes,yes,yes,yes,yes,3,2,5,2,12,12,11,fair
40,F,15,at_home,other,reputation,mother,1,0,yes,yes,yes,yes,no,3,1,2,8,14,13,13,fair
41,F,16,other,other,home,mother,2,1,no,yes,no,yes,yes,3,3,3,25,7,10,11,fair
42,M,15,teacher,other,home,other,1,0,no,yes,no,no,yes,4,3,5,8,12,12,12,fair
43,M,15,services,teacher,course,father,2,0,no,yes,no,yes,yes,3,3,5,2,19,18,18,good
44,M,15,services,services,course,father,1,0,yes,yes,no,no,yes,4,1,1,0,8,8,11,fair
45,F,16,other,at_home,course,father,2,1,yes,no,no,yes,yes,3,3,5,14,10,10,9,poor
46,F,15,other,other,course,mother,2,0,yes,yes,yes,yes,yes,2,2,5,8,8,8,6,poor
47,F,16,other,services,home,mother,2,0,no,yes,no,no,yes,3,5,3,12,11,12,11,fair
48,M,16,health,services,reputation,mother,4,0,no,no,no,yes,yes,2,2,2,4,19,19,20,good
49,M,15,teacher,other,home,mother,2,0,no,yes,yes,no,no,3,3,5,2,15,15,14,fair
50,F,15,services,teacher,other,father,2,1,yes,yes,no,yes,yes,4,4,3,2,7,7,7,poor
51,F,16,services,services,course,mother,2,0,no,yes,yes,no,yes,3,3,4,2,12,13,13,fair
52,F,15,health,other,other,mother,2,0,no,yes,yes,no,yes,3,3,5,2,11,13,13,fair
53,M,15,health,health,other,father,1,1,no,no,no,no,no,5,5,5,6,11,11,10,fair
54,F,15,services,services,course,mother,1,0,yes,yes,yes,no,yes,3,4,5,0,8,10,11,fair
55,F,15,other,other,other,mother,1,0,no,no,yes,no,yes,3,4,1,6,10,13,13,fair
56,F,16,other,other,other,mother,2,0,no,no,yes,yes,yes,3,4,2,8,8,9,10,fair
57,F,15,services,services,reputation,mother,2,0,no,yes,yes,yes,yes,3,2,1,0,14,15,15,good
58,M,15,teacher,health,reputation,mother,2,0,no,yes,no,yes,no,2,2,5,4,14,15,15,good
59,M,15,other,at_home,home,father,2,0,yes,yes,no,yes,yes,3,2,5,2,9,10,9,poor
60,F,16,services,other,course,mother,2,0,no,yes,no,no,yes,2,3,5,2,15,16,16,good
61,F,16,health,teacher,other,mother,2,0,no,yes,no,yes,no,4,4,4,6,10,11,11,fair
62,F,16,services,services,course,father,1,0,yes,yes,no,yes,yes,5,5,5,6,10,8,11,fair
63,F,16,other,services,reputation,father,2,0,yes,no,no,yes,yes,4,3,1,4,8,10,9,poor
64,F,16,teacher,health,home,mother,3,0,yes,yes,yes,yes,yes,4,4,4,2,10,9,9,poor
65,F,15,services,services,reputation,father,2,0,yes,no,no,yes,yes,4,4,2,0,10,10,10,fair
66,F,16,teacher,services,course,mother,2,0,no,yes,no,yes,yes,4,3,1,2,16,15,15,good
67,M,15,other,services,reputation,mother,4,0,no,yes,no,yes,yes,3,3,3,4,13,13,12,fair
68,F,16,services,other,course,mother,4,0,yes,yes,yes,no,yes,3,3,5,4,7,7,6,poor
69,F,15,health,services,reputation,mother,2,0,yes,yes,yes,no,yes,1,3,4,2,8,9,8,poor
70,F,15,other,other,reputation,father,4,0,no,yes,no,no,yes,4,2,3,12,16,16,16,good
71,M,16,other,other,reputation,father,4,0,no,yes,yes,no,yes,3,2,5,0,13,15,15,good
72,M,15,other,other,course,mother,4,0,no,no,no,no,yes,3,3,3,0,10,10,10,fair
73,F,15,other,other,reputation,mother,2,2,yes,yes,no,no,yes,3,4,5,2,8,6,5,poor
74,M,16,other,other,reputation,mother,1,0,no,no,no,yes,no,3,2,5,2,12,12,14,fair
75,F,16,other,services,home,mother,2,0,yes,yes,yes,yes,yes,3,3,5,54,11,12,11,fair
76,M,15,teacher,other,home,mother,2,0,no,yes,yes,yes,yes,3,3,5,6,9,9,10,fair
77,M,15,teacher,other,course,mother,4,0,no,no,no,yes,yes,4,3,1,8,11,11,10,fair
78,F,16,other,other,reputation,mother,4,0,no,no,yes,no,yes,2,3,3,0,11,11,11,fair
79,M,17,other,other,home,mother,1,3,yes,yes,no,yes,yes,5,1,3,2,8,8,10,fair
80,F,16,at_home,other,course,mother,2,0,no,yes,no,no,yes,4,3,3,12,5,5,5,poor
81,M,15,other,services,course,father,1,0,yes,yes,yes,yes,yes,2,2,3,2,10,12,12,fair
82,M,15,other,other,home,mother,3,0,yes,no,yes,no,yes,3,2,5,4,11,10,11,fair
83,F,15,services,other,reputation,mother,2,0,no,yes,yes,no,yes,4,4,5,10,7,6,6,poor
84,M,15,services,services,home,mother,2,0,no,no,yes,yes,yes,3,3,4,4,15,15,15,good
85,F,15,other,other,home,father,2,0,no,yes,no,yes,yes,3,2,4,2,9,10,10,fair
86,F,15,services,services,reputation,father,2,2,no,no,yes,no,yes,4,4,5,6,7,9,8,poor
87,F,16,at_home,other,course,mother,2,0,no,yes,no,no,no,3,4,2,4,8,7,6,poor
88,F,15,other,other,reputation,mother,3,0,no,yes,no,yes,yes,3,3,1,4,13,14,14,fair
89,M,16,services,other,reputation,father,2,1,no,no,yes,yes,yes,4,2,3,12,11,10,10,fair
90,M,16,teacher,health,reputation,mother,2,0,no,yes,no,no,no,1,3,5,18,8,6,7,poor
91,F,16,other,other,home,mother,3,0,no,yes,yes,no,yes,3,3,4,0,7,7,8,poor
92,F,15,services,other,reputation,mother,1,0,no,no,yes,yes,yes,5,5,1,4,16,17,18,good
93,F,16,other,other,home,father,2,0,yes,yes,no,no,no,3,3,2,4,7,6,6,poor
94,F,16,teacher,services,home,mother,2,0,no,yes,yes,yes,yes,3,3,1,0,11,10,10,fair
95,M,15,services,health,reputation,mother,4,0,no,yes,no,yes,yes,3,4,4,6,11,13,14,fair
96,F,15,at_home,other,home,mother,4,1,yes,yes,yes,yes,yes,1,2,1,2,7,10,10,fair
97,M,16,services,other,reputation,mother,1,0,yes,yes,no,yes,yes,3,3,4,2,11,15,15,good
98,F,16,other,other,course,mother,2,0,no,yes,yes,no,no,3,5,5,2,8,9,10,fair
99,F,16,other,other,reputation,mother,1,0,no,no,no,yes,yes,3,4,1,6,11,14,14,fair
100,F,16,other,at_home,course,mother,3,0,yes,yes,yes,no,yes,3,5,3,0,7,9,8,poor
101,M,16,services,services,other,mother,1,0,yes,yes,yes,yes,yes,5,5,4,14,7,7,5,poor
102,M,16,services,teacher,other,father,3,0,no,yes,no,yes,yes,4,3,4,0,16,17,17,good
103,M,15,services,other,course,mother,1,0,no,yes,no,yes,yes,3,3,5,4,10,13,14,fair
104,F,15,services,other,home,mother,2,0,yes,yes,yes,no,yes,3,5,2,26,7,6,6,poor
105,M,15,services,other,course,mother,2,0,no,yes,yes,yes,yes,4,4,1,0,16,18,18,good
106,F,15,other,health,reputation,father,4,0,yes,no,no,no,no,3,3,4,10,10,11,11,fair
107,F,15,other,other,course,mother,4,0,yes,yes,yes,no,yes,1,2,3,8,7,8,8,poor
108,M,16,services,other,home,father,3,0,no,yes,no,yes,yes,3,3,5,2,16,18,18,good
109,M,15,other,other,home,father,4,0,no,yes,yes,yes,yes,3,5,1,6,10,13,13,fair
110,F,16,health,health,other,mother,3,0,no,yes,yes,yes,yes,4,5,4,4,14,15,16,good
111,M,15,teacher,teacher,course,mother,1,0,no,no,no,yes,yes,5,3,4,6,18,19,19,good
112,F,16,services,other,reputation,father,3,1,yes,yes,no,yes,yes,1,2,2,0,7,10,10,fair
113,F,16,at_home,other,home,mother,2,1,yes,no,no,yes,yes,1,2,5,6,10,13,13,fair
114,M,15,teacher,other,course,mother,1,0,no,no,no,no,yes,5,2,3,10,18,19,19,good
115,M,15,health,services,reputation,mother,2,0,no,no,no,yes,yes,4,2,5,8,9,9,9,poor
116,M,16,teacher,teacher,course,father,2,0,no,yes,no,yes,yes,4,4,5,2,15,15,16,good
117,M,15,other,teacher,reputation,father,2,0,no,yes,no,yes,no,4,3,2,2,11,13,14,fair
118,M,16,other,services,home,father,1,0,no,no,no,yes,yes,4,2,5,0,13,14,13,fair
119,M,17,other,other,course,father,2,1,no,yes,no,yes,yes,2,4,5,20,9,7,8,poor
120,M,15,other,other,reputation,father,1,0,no,no,no,no,yes,4,3,4,6,14,13,13,fair
121,F,15,at_home,services,course,mother,2,0,no,no,no,no,yes,2,3,1,2,16,15,15,good
122,M,15,services,services,home,father,4,0,no,yes,yes,yes,yes,5,4,5,6,16,14,15,good
123,F,16,other,health,course,father,2,0,no,yes,yes,yes,yes,2,2,5,2,13,13,13,fair
124,M,16,health,other,course,mother,1,0,no,yes,no,yes,yes,4,4,5,18,14,11,13,fair
125,F,16,other,other,home,mother,2,0,no,no,yes,no,yes,4,4,5,0,8,7,8,poor
126,M,15,services,services,home,father,1,0,yes,no,no,no,yes,5,5,5,0,13,13,12,fair
127,F,15,other,other,home,mother,2,0,yes,no,no,yes,yes,3,2,1,0,7,10,11,fair
128,F,19,at_home,other,course,other,2,3,no,yes,no,no,no,4,2,5,2,7,8,9,poor
129,M,18,services,other,reputation,mother,1,2,no,yes,no,yes,yes,3,3,4,0,7,4,0,poor
130,M,16,teacher,teacher,course,mother,1,0,no,no,yes,yes,yes,5,5,4,8,18,18,18,good
131,F,15,services,teacher,course,father,3,2,no,yes,no,no,yes,2,2,5,0,12,0,0,poor
132,F,15,at_home,other,course,mother,1,0,no,yes,no,yes,yes,3,3,4,0,8,0,0,poor
133,F,17,other,other,course,father,1,0,no,yes,no,no,yes,4,4,5,12,10,13,12,fair
134,F,16,services,other,course,father,1,0,no,no,no,no,yes,2,1,5,16,12,11,11,fair
135,M,15,at_home,teacher,course,mother,2,0,no,yes,no,no,no,3,3,5,0,9,0,0,poor
136,F,15,services,at_home,course,mother,3,0,no,yes,no,yes,yes,3,3,5,0,11,0,0,poor
137,M,17,at_home,other,course,mother,2,0,no,no,no,no,no,4,5,5,0,10,0,0,poor
138,F,16,other,other,course,other,1,2,no,yes,no,yes,yes,3,2,5,0,4,0,0,poor
139,M,16,services,other,course,mother,2,1,no,no,no,no,no,4,4,5,0,14,12,12,fair
140,F,15,teacher,teacher,course,mother,1,0,no,no,no,yes,yes,3,2,5,0,16,16,15,good
141,M,15,teacher,services,course,father,4,0,yes,yes,no,no,yes,2,2,3,0,7,9,0,poor
142,M,16,services,services,reputation,father,1,2,no,yes,no,yes,yes,3,3,2,8,9,9,9,poor
143,F,15,teacher,services,course,mother,3,0,no,yes,yes,yes,yes,2,2,5,2,9,11,11,fair
144,F,16,at_home,at_home,course,mother,1,0,no,no,no,no,yes,4,4,1,2,14,14,13,fair
145,M,17,other,other,home,mother,1,3,no,yes,no,no,yes,4,5,5,0,5,0,0,poor
146,F,15,other,services,course,father,2,0,no,yes,yes,no,yes,4,2,5,0,8,11,11,fair
147,F,15,health,services,home,father,2,3,no,yes,no,no,yes,3,2,3,0,6,7,0,poor
148,F,15,at_home,other,course,mother,2,0,no,yes,yes,no,yes,3,2,5,2,10,11,11,fair
149,M,16,teacher,teacher,course,mother,1,0,no,yes,no,no,yes,3,2,5,0,7,6,0,poor
150,M,15,services,other,course,mother,1,3,no,no,no,no,yes,5,5,5,0,8,9,10,fair
151,M,18,other,other,course,mother,1,3,no,no,no,no,yes,3,5,4,0,6,5,0,poor
152,M,16,at_home,other,course,mother,1,1,no,no,no,yes,no,4,4,5,6,12,13,14,fair
153,F,15,services,services,reputation,other,3,2,no,yes,yes,yes,yes,2,1,3,8,10,10,10,fair
154,M,19,services,at_home,home,mother,1,3,no,yes,no,no,yes,5,4,4,0,5,0,0,poor
155,F,17,other,teacher,course,mother,1,0,yes,yes,no,no,no,2,1,4,0,11,11,12,fair
156,M,15,at_home,services,course,mother,2,0,yes,no,yes,yes,no,4,4,1,2,11,8,8,poor
157,M,17,other,other,reputation,mother,1,0,no,no,no,no,no,2,2,5,8,16,12,13,fair
158,F,18,at_home,other,course,mother,1,3,no,yes,no,yes,no,2,5,4,6,9,8,10,fair
159,M,16,at_home,other,course,mother,1,0,no,no,no,no,no,2,2,3,2,17,15,15,good
160,M,16,other,services,course,father,2,1,no,yes,yes,no,yes,5,5,5,4,10,12,12,fair
161,M,17,at_home,other,course,mother,1,2,no,no,no,yes,yes,3,2,5,0,7,6,0,poor
162,M,15,other,other,course,mother,2,2,yes,yes,no,no,yes,4,4,3,6,5,9,7,poor
163,M,16,other,other,course,mother,1,1,no,no,no,yes,no,4,4,5,0,7,0,0,poor
164,M,17,at_home,services,course,father,1,0,no,no,no,no,yes,3,3,2,2,10,10,10,fair
165,M,17,other,services,course,mother,2,3,no,no,no,yes,no,3,5,5,0,5,8,7,poor
166,M,16,services,services,course,mother,1,1,no,yes,no,yes,no,5,2,2,16,12,11,12,fair
167,M,16,other,other,course,father,2,0,no,no,no,no,yes,3,5,4,4,10,10,10,fair
168,F,16,health,services,home,father,2,0,no,no,yes,no,yes,2,3,3,0,14,15,16,good
169,F,16,other,other,home,mother,2,0,no,yes,yes,no,yes,1,5,4,0,6,7,0,poor
170,F,16,health,health,reputation,mother,2,0,no,yes,yes,no,yes,4,2,3,0,14,14,14,fair
171,M,16,other,other,course,father,1,2,no,yes,no,yes,yes,4,5,2,0,6,5,0,poor
172,M,16,other,other,reputation,mother,2,0,no,yes,yes,yes,yes,3,2,3,2,13,15,16,good
173,M,17,teacher,other,reputation,mother,2,0,no,yes,yes,yes,yes,4,4,5,0,13,11,10,fair
174,F,16,at_home,services,home,mother,2,3,no,no,no,yes,yes,3,5,3,0,8,7,0,poor
175,F,16,other,other,reputation,mother,2,0,no,yes,yes,yes,yes,4,5,4,4,10,11,9,poor
176,M,17,teacher,other,course,mother,2,0,no,no,yes,yes,yes,4,4,4,4,10,9,9,poor
177,F,16,services,other,reputation,mother,2,0,no,no,yes,yes,yes,4,4,5,2,13,13,11,fair
178,M,17,other,other,reputation,father,2,0,no,no,no,yes,yes,3,4,4,4,6,5,6,poor
179,M,16,teacher,services,other,mother,1,0,no,yes,no,yes,yes,3,3,3,10,10,8,9,poor
180,M,17,other,other,course,mother,2,0,no,yes,no,yes,yes,2,3,2,4,10,10,11,fair
181,M,16,teacher,other,home,mother,2,0,no,yes,yes,yes,yes,4,3,3,10,9,8,8,poor
182,M,16,services,other,home,mother,2,0,no,no,yes,yes,yes,2,3,3,2,12,13,12,fair
183,F,17,services,services,reputation,father,2,0,no,yes,no,yes,no,4,2,5,0,16,17,17,good
184,F,17,other,other,reputation,mother,2,0,no,yes,no,yes,yes,3,3,1,56,9,9,8,poor
185,F,16,other,other,reputation,mother,2,0,no,yes,yes,no,yes,2,2,1,14,12,13,12,fair
186,M,17,services,services,other,mother,2,0,no,yes,no,yes,yes,3,4,4,12,12,12,11,fair
187,M,16,services,services,other,mother,1,0,no,yes,yes,yes,yes,3,3,3,2,11,12,11,fair
188,M,16,other,other,course,mother,2,0,no,no,yes,yes,yes,2,3,5,0,15,15,15,good
189,F,17,health,other,reputation,mother,2,0,no,yes,no,no,yes,3,3,3,6,8,7,9,poor
190,M,17,at_home,other,home,mother,2,0,no,no,no,no,no,1,3,3,4,8,9,10,fair
191,F,16,services,services,course,mother,2,0,no,no,no,no,yes,3,3,2,10,11,12,13,fair
192,F,17,at_home,services,course,mother,2,0,no,no,no,yes,yes,3,3,3,0,8,8,9,poor
193,M,17,at_home,services,other,other,2,0,no,no,yes,yes,yes,4,4,5,12,7,8,8,poor
194,M,16,services,services,reputation,mother,1,0,no,yes,no,yes,yes,3,2,5,8,8,9,10,fair
195,M,16,other,other,home,father,1,0,no,no,no,no,yes,3,3,3,0,13,14,14,fair
196,F,17,services,services,course,father,2,0,no,no,no,yes,yes,3,2,5,0,14,15,15,good
197,M,17,services,teacher,home,mother,1,0,no,no,no,no,yes,2,3,5,4,17,15,16,good
198,M,16,teacher,other,home,father,1,0,no,yes,yes,yes,yes,3,4,3,8,9,9,10,fair
199,F,17,services,teacher,home,mother,1,1,no,yes,no,no,yes,2,4,2,24,18,18,18,good
200,F,16,teacher,teacher,reputation,mother,2,0,no,yes,yes,no,yes,5,2,3,0,9,9,10,fair
201,F,16,health,other,home,mother,2,0,no,yes,no,yes,yes,3,5,2,2,16,16,16,good
202,F,16,other,other,reputation,mother,2,0,yes,yes,yes,yes,no,4,3,4,6,8,10,10,fair
203,F,17,other,other,course,mother,2,0,no,yes,yes,no,no,4,4,1,4,9,9,10,fair
204,F,17,other,other,reputation,mother,1,0,no,yes,no,no,yes,3,2,3,18,7,6,6,poor
205,F,16,services,services,reputation,mother,4,0,no,yes,yes,yes,yes,3,5,5,6,10,10,11,fair
206,F,17,at_home,services,home,mother,3,1,no,yes,yes,no,yes,4,3,5,28,10,9,9,poor
207,F,16,services,other,course,mother,2,3,no,yes,yes,no,yes,3,3,4,5,7,7,7,poor
208,F,16,teacher,other,other,mother,2,0,no,no,yes,yes,yes,3,2,1,10,11,12,13,fair
209,F,16,at_home,other,home,mother,1,0,no,yes,yes,no,no,3,2,5,6,9,9,10,fair
210,F,17,teacher,other,reputation,mother,3,0,no,yes,yes,yes,yes,4,2,4,6,7,7,7,poor
211,F,19,other,other,reputation,other,4,0,no,yes,yes,yes,yes,3,3,3,10,8,8,8,poor
212,M,17,services,other,home,mother,2,0,no,yes,yes,no,yes,3,5,3,13,12,12,13,fair
213,F,16,other,other,reputation,mother,2,0,yes,yes,yes,no,yes,3,4,4,0,12,13,14,fair
214,M,18,services,other,home,mother,2,1,no,yes,yes,yes,yes,4,4,5,15,6,7,8,poor
215,F,17,services,other,other,mother,1,0,no,yes,yes,no,no,2,1,3,12,8,10,10,fair
216,F,17,other,other,reputation,mother,2,0,no,no,yes,no,yes,4,4,1,2,14,15,15,good
217,F,17,other,other,reputation,mother,2,2,no,no,yes,no,yes,4,5,1,22,6,6,4,poor
218,M,18,services,health,home,father,2,1,no,yes,yes,no,yes,2,4,4,13,6,6,8,poor
219,F,17,at_home,other,home,father,1,0,no,yes,yes,no,no,3,3,3,3,7,7,8,poor
220,F,17,at_home,at_home,course,mother,3,0,no,yes,yes,yes,yes,3,3,4,4,9,10,10,fair
221,F,17,at_home,services,reputation,mother,2,0,no,yes,no,yes,yes,2,5,5,2,6,6,6,poor
222,F,17,at_home,other,reputation,mother,3,1,no,yes,no,yes,no,3,4,5,0,6,5,0,poor
223,F,16,services,teacher,other,mother,2,0,yes,no,no,no,yes,3,1,3,2,16,16,17,good
224,M,18,other,other,home,mother,2,0,no,yes,yes,no,yes,3,3,4,0,12,13,13,fair
225,F,16,teacher,services,home,mother,3,0,no,yes,no,yes,yes,3,2,5,0,13,13,14,fair
226,F,18,other,other,reputation,mother,2,1,no,no,no,yes,yes,3,3,4,16,9,8,7,poor
227,F,17,other,other,course,mother,2,0,no,no,no,yes,yes,3,4,3,10,16,15,15,good
228,M,17,services,services,reputation,father,2,0,no,yes,yes,no,yes,3,3,3,2,12,11,12,fair
229,M,18,at_home,other,course,mother,2,0,yes,yes,yes,yes,yes,3,2,3,14,10,8,9,poor
230,F,17,other,other,course,mother,3,0,no,no,no,yes,yes,2,3,3,10,12,10,12,fair
231,F,17,health,other,reputation,father,2,0,no,no,no,yes,yes,2,3,3,14,13,13,14,fair
232,M,17,other,other,course,father,2,0,no,yes,yes,yes,yes,5,2,1,4,11,11,11,fair
233,M,17,teacher,teacher,reputation,mother,2,0,yes,yes,no,yes,yes,5,5,2,14,11,9,9,poor
234,M,16,health,other,reputation,father,2,0,no,yes,yes,yes,yes,2,4,1,2,14,13,13,fair
235,M,16,other,other,home,mother,2,0,no,yes,yes,no,yes,4,2,5,18,9,7,6,poor
236,M,16,at_home,other,reputation,mother,3,0,no,no,no,yes,yes,3,3,2,10,11,9,10,fair
237,M,17,other,other,home,father,2,0,no,no,yes,yes,yes,4,2,4,4,14,13,13,fair
238,F,16,other,other,home,mother,1,0,no,no,no,no,yes,5,2,5,20,13,12,12,fair
239,F,17,at_home,services,course,mother,2,0,no,no,no,yes,no,1,1,3,2,13,11,11,fair
240,M,18,other,services,reputation,father,2,1,no,no,no,no,yes,5,4,2,0,7,7,0,poor
241,M,17,health,other,course,mother,2,0,no,no,no,yes,yes,5,5,5,14,12,12,12,fair
242,M,17,teacher,other,course,mother,2,0,no,yes,yes,no,yes,3,3,4,2,10,11,12,fair
243,M,16,teacher,other,course,mother,1,0,no,no,no,yes,yes,4,5,3,0,6,0,0,poor
244,M,16,services,services,course,mother,1,0,no,no,no,yes,yes,3,2,5,0,13,12,12,fair
245,F,18,other,other,course,other,3,0,no,yes,yes,no,yes,4,4,3,0,7,0,0,poor
246,M,16,other,other,course,mother,1,0,no,no,no,no,yes,3,3,4,6,18,18,18,good
247,M,17,other,other,course,father,1,0,no,no,no,no,yes,2,2,2,4,12,12,13,fair
248,M,22,services,services,other,mother,1,3,no,no,no,no,yes,4,5,1,16,6,8,8,poor
249,M,18,other,services,course,mother,2,1,no,yes,no,no,yes,3,3,5,8,3,5,5,poor
250,M,16,other,other,other,mother,1,0,no,no,yes,no,yes,3,2,5,0,13,15,15,good
251,M,18,services,other,course,mother,1,1,no,no,no,no,yes,4,5,5,0,6,8,8,poor
252,M,16,at_home,other,reputation,other,2,0,yes,yes,no,no,yes,3,3,2,6,7,10,10,fair
253,M,18,services,services,other,mother,1,1,no,no,no,no,yes,2,5,5,4,6,9,8,poor
254,M,16,other,other,course,mother,1,0,no,no,no,yes,no,3,2,3,0,8,9,8,poor
255,M,17,other,other,course,mother,1,0,no,no,no,no,yes,4,2,5,0,8,12,12,fair
256,M,17,health,other,course,mother,1,1,no,yes,no,yes,yes,4,4,5,2,7,9,8,poor
257,F,17,teacher,services,reputation,mother,4,0,no,yes,yes,yes,yes,2,3,4,6,14,12,13,fair
258,M,19,services,at_home,reputation,mother,2,0,no,yes,no,no,yes,3,1,1,12,11,11,11,fair
259,M,18,other,other,home,mother,2,0,no,no,no,yes,yes,2,4,4,8,15,14,14,fair
260,F,17,services,services,course,father,4,0,no,no,yes,yes,yes,4,1,2,0,10,9,0,poor
261,F,18,services,other,home,father,2,0,no,yes,yes,no,yes,1,2,2,21,17,18,18,good
262,M,18,teacher,other,course,mother,2,0,no,yes,yes,no,yes,3,2,3,2,8,8,8,poor
263,M,18,other,other,course,mother,3,0,no,no,no,yes,no,3,2,3,1,13,12,12,fair
264,F,17,other,other,home,mother,3,0,no,no,no,yes,no,2,3,4,4,10,9,9,poor
265,F,18,at_home,services,home,mother,3,0,no,yes,yes,yes,yes,3,3,3,0,9,10,0,poor
266,M,18,other,other,reputation,mother,2,0,no,yes,yes,yes,yes,2,5,1,13,17,17,17,good
267,M,17,services,other,other,mother,2,0,no,no,yes,yes,yes,4,4,5,2,9,9,10,fair
268,F,18,teacher,other,reputation,mother,2,0,no,no,yes,yes,yes,3,4,4,8,12,10,11,fair
269,M,18,health,other,reputation,father,2,0,no,yes,yes,yes,yes,4,5,5,10,10,9,10,fair
270,F,18,other,other,reputation,mother,2,0,no,yes,no,no,yes,3,5,3,0,6,0,0,poor
271,F,19,other,services,home,other,2,2,no,yes,yes,yes,yes,3,5,5,15,9,9,9,poor
272,F,18,other,services,reputation,father,4,0,no,yes,yes,yes,yes,5,5,2,4,15,14,14,fair
273,F,18,other,other,home,mother,2,0,no,yes,yes,no,no,4,3,3,2,11,11,11,fair
274,M,17,at_home,at_home,home,mother,2,0,no,yes,yes,yes,no,5,2,1,2,15,14,14,fair
275,F,17,at_home,health,reputation,mother,2,0,no,yes,yes,no,yes,3,3,1,2,10,10,10,fair
276,F,17,services,other,course,mother,2,0,yes,yes,yes,no,yes,4,4,5,6,12,12,12,fair
277,F,18,other,services,home,mother,2,0,no,no,no,no,yes,1,1,5,75,10,9,9,poor
278,M,18,teacher,services,home,mother,1,0,no,no,yes,yes,yes,2,4,3,22,9,9,9,poor
279,F,18,health,health,reputation,father,2,1,yes,yes,no,yes,yes,4,4,4,15,9,8,8,poor
280,M,18,teacher,services,course,mother,1,0,no,no,yes,yes,yes,2,3,1,8,10,11,10,fair
281,M,17,services,other,home,mother,1,0,no,no,yes,yes,yes,5,4,5,30,8,8,8,poor
282,M,17,teacher,services,home,mother,1,1,no,no,no,no,yes,4,4,3,19,11,9,10,fair
283,F,18,at_home,other,reputation,mother,4,0,no,yes,yes,yes,no,2,2,3,1,12,12,12,fair
284,F,18,other,other,home,mother,2,0,yes,no,no,yes,yes,4,4,4,4,8,9,10,fair
285,F,17,other,other,course,mother,2,0,no,yes,no,no,yes,4,5,5,4,10,9,11,fair
286,M,17,other,other,reputation,father,2,0,no,no,yes,no,yes,3,3,4,2,12,10,11,fair
287,F,18,at_home,at_home,other,mother,3,0,no,yes,yes,no,yes,3,3,2,5,18,18,19,good
288,F,17,services,teacher,reputation,mother,3,0,no,yes,yes,no,yes,3,3,3,6,13,12,12,fair
289,M,18,services,services,reputation,mother,3,0,no,no,yes,yes,yes,2,4,2,6,15,14,14,fair
290,M,18,teacher,teacher,reputation,mother,2,0,no,yes,yes,yes,yes,4,3,2,9,15,13,15,good
291,M,18,teacher,other,home,mother,2,0,no,yes,yes,yes,yes,3,2,5,11,12,11,11,fair
292,F,17,health,services,reputation,mother,3,0,no,yes,yes,no,yes,2,2,3,0,15,15,15,good
293,F,18,services,at_home,reputation,mother,2,1,no,no,no,no,yes,4,3,5,12,12,12,13,fair
294,F,17,services,other,reputation,mother,4,0,no,yes,yes,no,no,1,2,3,6,18,18,18,good
295,M,18,services,other,reputation,mother,3,0,no,yes,yes,yes,yes,4,2,4,8,14,13,14,fair
296,M,17,health,other,home,mother,1,0,no,yes,yes,no,yes,4,3,5,4,14,12,11,fair
297,F,19,health,other,reputation,other,2,0,no,yes,yes,yes,yes,3,4,2,0,10,9,0,poor
298,F,18,other,other,home,other,2,0,no,yes,yes,no,yes,4,5,2,10,10,8,8,poor
299,F,18,other,other,reputation,father,4,0,no,yes,yes,no,yes,3,3,3,0,14,13,14,fair
300,M,18,teacher,teacher,home,mother,1,0,no,yes,yes,no,yes,4,2,1,5,16,15,16,good
301,F,18,health,other,home,mother,2,0,no,yes,no,no,yes,2,4,4,14,12,10,11,fair
302,M,17,other,teacher,home,father,1,0,no,no,yes,no,yes,1,1,5,0,11,11,10,fair
303,F,17,other,other,reputation,mother,3,0,no,yes,yes,no,yes,3,3,3,0,15,12,14,fair
304,F,17,health,health,reputation,father,4,0,no,yes,yes,yes,yes,2,2,5,0,17,17,18,good
305,M,19,other,other,home,other,2,1,no,yes,no,yes,yes,4,4,3,20,15,14,13,fair
306,F,18,services,at_home,reputation,other,2,1,no,yes,yes,yes,yes,4,3,3,8,14,12,12,fair
307,M,20,services,other,course,other,1,0,no,no,no,yes,no,5,3,5,0,17,18,18,good
308,M,19,teacher,services,reputation,other,1,1,no,yes,yes,no,yes,3,4,4,38,8,9,8,poor
309,M,19,other,services,reputation,father,2,1,no,no,no,yes,no,5,3,5,0,15,12,12,fair
310,F,19,at_home,other,reputation,other,2,1,yes,yes,no,yes,yes,4,3,3,18,12,10,10,fair
311,F,19,services,services,home,other,2,1,no,no,no,yes,no,2,4,3,0,9,9,0,poor
312,F,19,at_home,other,other,other,2,0,no,yes,no,no,yes,4,1,2,20,14,12,13,fair
313,M,19,other,services,course,other,2,1,no,no,no,no,yes,5,2,4,3,13,11,11,fair
314,F,19,services,other,reputation,other,2,1,no,yes,yes,no,yes,2,2,1,22,13,10,11,fair
315,F,19,at_home,health,home,other,3,2,no,no,no,no,yes,1,2,3,14,15,13,13,fair
316,F,19,other,other,reputation,other,3,1,no,no,no,no,yes,1,2,3,40,13,11,11,fair
317,F,18,services,other,course,mother,2,0,no,yes,yes,yes,yes,3,3,1,0,8,8,0,poor
318,F,18,other,other,course,mother,3,0,no,yes,yes,yes,yes,3,4,5,9,9,10,9,poor
319,F,17,at_home,services,course,father,3,0,no,yes,yes,yes,yes,3,4,5,0,11,11,10,fair
320,F,18,teacher,other,course,mother,2,0,no,yes,yes,no,yes,4,4,5,2,11,11,11,fair
321,F,17,services,services,course,mother,2,0,no,yes,yes,no,yes,2,2,5,23,13,13,13,fair
322,F,17,other,other,course,mother,2,0,no,yes,no,no,no,2,2,3,12,11,9,9,poor
323,F,17,services,services,course,mother,3,0,no,yes,yes,yes,yes,3,2,3,3,11,11,11,fair
324,F,17,services,services,course,father,3,0,no,yes,no,no,yes,4,3,5,1,12,14,15,good
325,F,17,at_home,at_home,home,father,3,0,no,no,no,no,yes,3,3,2,0,16,15,15,good
326,M,18,other,other,course,mother,3,0,no,no,no,yes,yes,3,3,3,3,9,12,11,fair
327,M,17,other,services,reputation,mother,1,0,no,no,no,yes,yes,3,5,5,3,14,15,16,good
328,M,17,services,other,course,mother,1,0,no,yes,no,no,yes,4,5,4,8,11,10,10,fair
329,F,17,teacher,services,course,mother,3,0,no,yes,yes,yes,yes,4,4,4,7,10,9,9,poor
330,F,17,teacher,teacher,course,mother,3,0,no,yes,yes,no,yes,3,3,4,4,14,14,14,fair
331,M,18,other,other,course,mother,4,0,no,yes,no,yes,yes,5,5,5,2,9,8,8,poor
332,F,17,at_home,other,course,father,3,0,no,yes,no,no,yes,4,3,5,7,12,14,14,fair
333,F,18,services,services,home,mother,2,0,no,no,no,yes,yes,3,4,4,0,7,0,0,poor
334,F,18,other,other,home,other,2,0,no,no,no,yes,yes,3,3,2,0,8,8,0,poor
335,F,18,at_home,other,course,mother,4,0,no,no,no,yes,no,4,4,4,0,10,9,0,poor
336,F,17,services,other,course,mother,3,0,no,no,no,no,yes,4,5,5,16,16,15,15,good
337,F,19,services,at_home,home,other,3,1,no,no,yes,no,no,4,3,5,12,14,13,13,fair
338,F,17,other,other,home,mother,2,0,no,yes,yes,no,yes,3,2,2,0,7,8,0,poor
339,F,18,services,services,home,mother,4,0,no,yes,no,no,yes,3,3,1,7,16,15,17,good
340,F,17,other,other,home,mother,2,0,no,yes,yes,no,yes,3,3,2,4,9,10,10,fair
341,F,19,services,services,home,other,3,1,no,no,yes,yes,yes,3,4,3,4,11,12,11,fair
342,M,18,teacher,services,home,father,2,1,no,yes,no,yes,yes,3,3,2,0,10,10,0,poor
343,M,18,services,other,home,mother,2,0,no,no,no,yes,yes,3,3,5,11,16,15,15,good
344,F,17,at_home,at_home,home,father,2,1,no,yes,no,no,yes,3,1,4,0,9,8,0,poor
345,F,18,at_home,other,course,mother,3,0,no,yes,no,no,yes,3,3,3,4,11,10,10,fair
346,F,18,other,services,other,mother,3,0,no,no,no,no,yes,4,3,1,7,13,13,14,fair
347,M,18,teacher,services,course,mother,3,0,no,no,no,no,yes,3,2,4,9,16,15,16,good
348,M,18,teacher,other,course,mother,3,0,no,yes,yes,no,yes,4,5,5,0,10,10,9,poor
349,F,17,health,other,reputation,mother,3,0,no,yes,yes,yes,yes,4,3,4,0,13,15,15,good
350,M,18,other,other,course,mother,1,1,no,yes,no,no,yes,5,5,5,10,11,13,13,fair
351,M,19,other,services,home,other,2,3,no,no,no,no,yes,4,4,2,8,8,7,8,poor
352,M,17,health,other,course,mother,2,0,no,yes,yes,no,yes,5,4,3,2,13,13,13,fair
353,M,18,at_home,services,course,mother,1,1,no,no,no,no,yes,3,3,3,7,8,7,8,poor
354,M,19,other,other,home,other,1,1,no,yes,no,no,yes,4,4,5,4,8,8,8,poor
355,M,17,services,other,home,mother,2,0,no,yes,yes,yes,yes,5,5,2,4,13,11,11,fair
356,F,18,services,services,course,father,2,0,no,yes,no,no,no,3,4,5,0,10,9,9,poor
357,F,17,teacher,services,other,father,2,0,no,yes,yes,yes,yes,3,3,5,4,12,13,13,fair
358,F,17,services,other,reputation,mother,2,0,no,no,no,no,no,2,3,5,2,12,12,11,fair
359,M,18,other,services,home,father,1,0,no,no,no,no,yes,3,2,3,4,10,10,10,fair
360,F,18,at_home,services,course,father,3,0,no,no,no,no,yes,3,2,4,0,18,16,16,good
361,F,18,at_home,other,course,mother,2,0,no,no,no,no,no,3,4,5,0,13,13,13,fair
362,M,18,at_home,other,other,mother,2,1,no,no,no,yes,no,4,3,5,2,13,12,12,fair
363,F,18,services,services,other,mother,2,0,no,yes,no,no,yes,3,2,3,0,11,11,10,fair
364,F,17,at_home,at_home,course,mother,2,0,no,yes,yes,yes,yes,3,4,1,0,16,15,15,good
365,F,17,other,services,course,father,2,0,no,no,no,no,no,2,2,3,0,12,11,12,fair
366,M,18,at_home,other,course,mother,2,0,no,yes,yes,no,no,3,4,3,4,10,10,10,fair
367,M,18,teacher,services,other,mother,3,0,no,no,yes,no,yes,2,2,5,0,13,13,13,fair
368,F,17,other,services,reputation,mother,1,1,no,yes,yes,no,yes,2,1,1,0,7,6,0,poor
369,F,18,at_home,services,course,father,1,0,no,yes,yes,no,yes,2,3,4,0,11,10,10,fair
370,F,18,other,teacher,other,father,2,0,no,yes,yes,no,yes,2,2,5,10,14,12,11,fair
371,F,19,services,services,home,other,2,2,no,no,no,yes,no,2,2,3,4,7,7,9,poor
372,M,18,at_home,services,other,father,1,0,no,yes,yes,yes,yes,3,3,3,3,14,12,12,fair
373,F,17,other,at_home,home,mother,3,0,no,no,no,yes,no,4,3,3,8,13,11,11,fair
374,F,17,other,other,course,mother,1,0,no,no,no,yes,yes,5,5,1,14,6,5,5,poor
375,F,18,other,other,reputation,mother,3,0,no,no,no,no,yes,4,4,1,0,19,18,19,good
376,F,18,other,other,home,mother,3,0,no,no,no,no,yes,3,2,4,2,8,8,10,fair
377,F,20,health,other,course,other,3,2,no,yes,yes,no,yes,4,3,3,4,15,14,15,good
378,F,18,teacher,services,course,mother,2,0,no,no,yes,yes,yes,4,3,2,4,8,9,10,fair
379,F,18,other,other,home,mother,2,0,no,no,yes,no,yes,1,3,1,0,15,15,15,good
380,F,17,at_home,other,reputation,mother,2,0,no,yes,yes,yes,yes,5,4,1,17,10,10,10,fair
381,M,18,teacher,teacher,home,father,2,0,no,no,yes,yes,yes,2,4,2,4,15,14,14,fair
382,M,18,other,other,other,mother,1,0,no,no,no,yes,yes,4,3,5,5,7,6,7,poor
383,M,17,other,services,home,father,2,0,no,no,no,yes,yes,4,3,3,2,11,11,10,fair
384,M,19,other,services,other,mother,1,1,no,no,no,no,no,3,2,5,0,6,5,0,poor
385,M,18,other,other,home,father,1,1,no,no,yes,no,no,4,3,3,14,6,5,5,poor
386,F,18,at_home,other,other,mother,3,0,no,no,yes,no,no,3,3,4,2,10,9,10,fair
387,F,18,teacher,at_home,reputation,mother,1,0,no,yes,yes,yes,yes,4,3,5,7,6,5,6,poor
388,F,19,services,other,course,mother,3,1,no,no,no,yes,yes,4,2,5,0,7,5,0,poor
389,F,18,teacher,services,course,mother,2,0,no,yes,yes,no,yes,3,4,1,0,7,9,8,poor
390,F,18,other,other,course,mother,2,1,no,no,no,yes,no,1,1,5,0,6,5,0,poor
391,M,20,services,services,course,other,2,2,no,yes,yes,no,no,5,4,4,11,9,9,9,poor
392,M,17,services,services,course,mother,1,0,no,no,no,no,yes,4,5,2,3,14,16,16,good
393,M,21,other,other,course,other,1,3,no,no,no,no,no,5,3,3,3,10,8,7,poor
394,M,18,services,other,course,mother,1,0,no,no,no,no,yes,4,1,5,0,11,12,10,fair
395,M,19,other,at_home,course,father,1,0,no,no,no,no,yes,2,3,5,5,8,9,9,poor
396,F,18,at_home,teacher,course,mother,2,0,yes,no,no,no,no,3,4,3,4,0,11,11,fair
397,F,17,at_home,other,course,father,2,0,no,yes,no,no,yes,3,3,3,2,9,11,11,fair
398,F,15,at_home,other,other,mother,2,0,yes,no,no,no,yes,3,2,3,6,12,13,12,fair
399,F,15,health,services,home,mother,3,0,no,yes,no,yes,yes,2,2,5,0,14,14,14,fair
400,F,16,other,other,home,father,2,0,no,yes,no,no,no,3,2,5,0,11,13,13,fair
401,M,16,services,other,reputation,mother,2,0,no,yes,no,yes,yes,4,2,5,6,12,12,13,fair
402,M,16,other,other,home,mother,2,0,no,no,no,no,yes,4,4,3,0,13,12,13,fair
403,F,17,other,teacher,home,mother,2,0,yes,yes,no,no,no,1,4,1,2,10,13,13,fair
404,M,15,services,other,home,mother,2,0,no,yes,no,no,yes,2,2,1,0,15,16,17,good
405,M,15,other,other,home,mother,2,0,no,yes,no,yes,yes,5,1,5,0,12,12,13,fair
406,F,15,teacher,health,reputation,mother,2,0,no,yes,no,no,yes,3,3,2,2,14,14,14,fair
407,F,15,services,other,reputation,father,3,0,no,yes,no,yes,yes,2,2,4,0,10,12,13,fair
408,M,15,health,services,course,father,1,0,no,yes,no,yes,yes,3,3,5,0,12,13,12,fair
409,M,15,teacher,other,course,mother,2,0,no,yes,no,no,yes,4,3,3,0,12,12,13,fair
410,M,15,other,other,home,other,3,0,no,yes,no,no,yes,5,2,3,0,14,14,15,good
411,F,16,health,other,home,mother,1,0,no,yes,no,no,yes,4,4,2,6,17,17,17,good
412,F,16,services,services,reputation,mother,3,0,no,yes,no,yes,yes,2,3,2,10,13,13,14,fair
413,F,16,other,other,reputation,mother,2,0,yes,yes,no,yes,no,3,2,4,2,13,14,14,fair
414,M,17,services,services,course,mother,1,3,no,yes,yes,yes,yes,5,5,5,2,8,8,7,poor
415,M,16,health,other,home,father,1,0,no,no,no,yes,yes,1,3,5,6,12,12,12,fair
416,M,15,teacher,other,reputation,mother,2,0,no,no,no,no,yes,4,1,1,0,12,13,14,fair
417,M,15,health,health,other,father,1,0,no,yes,yes,no,yes,4,2,5,0,11,12,12,fair
418,M,16,teacher,other,course,mother,2,0,no,no,no,yes,yes,5,1,5,0,12,13,14,fair
419,M,16,other,other,reputation,mother,2,0,no,yes,no,yes,yes,4,4,5,2,10,10,10,fair
420,F,15,services,health,course,mother,3,0,yes,yes,no,yes,yes,3,2,5,2,10,11,10,fair
421,F,16,services,services,home,mother,1,0,no,yes,no,no,yes,2,2,5,6,10,11,12,fair
422,M,15,other,other,home,mother,1,0,no,yes,no,no,yes,2,2,5,8,11,12,12,fair
423,M,15,health,services,other,mother,1,0,no,no,no,no,yes,2,4,1,0,11,11,11,fair
424,M,16,services,other,home,mother,2,0,yes,yes,yes,yes,yes,3,3,5,2,12,12,13,fair
425,M,16,teacher,teacher,home,mother,2,0,no,yes,yes,yes,yes,4,5,5,4,12,11,12,fair
426,M,15,health,services,home,mother,2,0,no,yes,yes,no,yes,4,2,5,0,10,11,11,fair
427,M,15,services,services,reputation,mother,2,0,no,yes,no,yes,yes,3,1,5,2,15,15,15,good
428,M,15,teacher,at_home,course,mother,2,0,no,yes,no,yes,yes,5,2,5,0,13,14,15,good
429,M,15,other,other,course,mother,2,0,no,no,no,yes,yes,3,2,2,0,13,12,12,fair
430,M,16,other,other,home,mother,1,0,no,yes,no,no,yes,4,3,5,4,12,12,12,fair
431,F,15,other,other,other,father,1,0,no,yes,no,yes,no,5,1,5,4,11,11,11,fair
432,M,15,teacher,services,home,mother,3,0,no,yes,no,yes,yes,4,3,4,0,14,14,14,fair
433,M,16,other,teacher,reputation,mother,3,0,no,yes,no,yes,yes,4,3,5,4,13,13,13,fair
434,F,15,services,health,course,mother,3,0,yes,yes,no,yes,yes,3,2,5,2,11,12,12,fair
435,F,15,at_home,other,reputation,mother,1,0,yes,yes,no,yes,no,3,1,2,8,14,13,12,fair
436,F,16,other,other,home,mother,2,0,no,yes,no,yes,yes,3,3,3,16,11,11,10,fair
437,M,15,teacher,other,home,other,1,0,no,yes,no,no,yes,4,3,5,8,10,11,11,fair
438,M,15,services,teacher,course,father,2,0,no,yes,no,yes,yes,3,3,5,0,14,15,15,good
439,M,15,services,services,course,father,1,0,yes,yes,no,no,yes,4,1,1,0,9,10,10,fair
440,F,16,other,at_home,course,father,2,1,yes,no,no,yes,yes,3,3,5,14,10,11,11,fair
441,F,15,other,other,course,mother,2,0,yes,yes,yes,yes,yes,2,2,5,4,10,11,11,fair
442,F,16,other,services,home,mother,2,0,no,yes,no,no,yes,3,5,3,6,13,12,13,fair
443,M,16,health,services,reputation,mother,4,0,no,no,no,yes,yes,2,2,2,2,17,17,17,good
444,M,15,teacher,other,home,mother,2,0,no,yes,no,no,no,3,3,5,4,11,12,13,fair
445,F,15,services,teacher,other,father,2,0,yes,yes,no,yes,yes,4,4,3,2,13,12,12,fair
446,F,16,services,services,course,mother,2,0,no,yes,no,no,yes,3,3,4,0,14,13,13,fair
447,F,15,health,other,other,mother,2,0,no,yes,no,no,yes,3,3,5,0,16,14,16,good
448,M,15,health,health,other,father,1,0,no,no,no,no,no,5,5,5,4,10,9,9,poor
449,F,15,services,services,course,mother,1,0,yes,yes,no,no,yes,3,4,5,0,13,12,12,fair
450,F,15,other,other,other,mother,1,0,no,no,no,no,yes,3,4,1,0,13,12,13,fair
451,F,16,other,other,other,mother,2,0,no,no,no,yes,yes,3,4,2,2,12,13,12,fair
452,F,15,services,services,reputation,mother,2,0,no,yes,no,yes,yes,3,2,1,0,15,14,15,good
453,M,15,teacher,health,reputation,mother,2,0,no,yes,no,yes,no,2,2,5,8,15,15,16,good
454,M,15,other,at_home,home,father,2,0,yes,yes,no,yes,yes,3,2,5,0,14,13,14,fair
455,F,16,services,other,course,mother,2,0,no,yes,yes,no,yes,2,3,5,2,16,15,16,good
456,F,16,health,teacher,other,mother,2,0,no,yes,no,yes,no,4,4,4,0,17,16,16,good
457,F,16,services,services,course,father,1,0,yes,yes,no,yes,yes,5,5,5,0,10,10,16,good
458,F,16,other,services,reputation,father,2,0,yes,no,no,yes,yes,4,3,1,0,13,13,10,fair
459,F,16,teacher,health,home,mother,3,0,yes,yes,no,yes,yes,4,4,4,0,14,13,13,fair
460,F,15,services,services,reputation,father,2,0,yes,no,no,yes,yes,4,4,2,0,13,12,12,fair
461,F,16,teacher,services,course,mother,2,0,no,yes,no,yes,yes,4,3,1,2,16,15,16,good
462,M,15,other,services,reputation,mother,4,0,no,yes,no,yes,yes,3,3,3,0,11,12,12,fair
463,F,16,services,other,course,mother,4,0,yes,yes,no,no,yes,3,3,5,0,10,9,10,fair
464,F,15,health,services,reputation,mother,2,0,yes,yes,no,no,yes,1,3,4,0,11,10,11,fair
465,F,15,other,other,reputation,father,4,0,no,yes,no,no,yes,4,2,3,6,15,15,15,good
466,M,16,other,other,reputation,father,4,0,no,yes,no,no,yes,3,2,5,2,13,11,11,fair
467,M,15,other,other,course,mother,4,0,no,no,no,no,yes,3,3,3,0,11,9,10,fair
468,F,15,other,other,reputation,mother,2,0,yes,yes,no,no,yes,3,4,5,2,13,11,11,fair
469,M,16,other,other,reputation,mother,1,0,no,no,no,yes,no,3,2,5,0,13,13,14,fair
470,F,16,other,services,home,mother,2,0,yes,yes,no,yes,yes,3,3,5,4,11,11,11,fair
471,M,15,teacher,other,home,mother,2,0,no,yes,no,yes,yes,3,3,5,0,11,11,11,fair
472,M,15,teacher,other,course,mother,4,0,no,no,no,yes,yes,4,3,1,0,12,11,11,fair
473,F,16,other,other,reputation,mother,4,0,no,no,no,no,yes,2,3,3,1,13,13,13,fair
474,M,17,other,other,home,mother,1,3,yes,yes,no,yes,yes,5,1,3,0,9,9,10,fair
475,F,16,at_home,other,course,mother,2,0,no,yes,no,no,yes,4,3,3,14,12,11,11,fair
476,M,15,other,services,course,father,1,0,yes,yes,no,yes,yes,2,2,3,0,11,11,12,fair
477,M,15,other,other,home,mother,3,0,yes,no,no,no,yes,3,2,5,2,10,9,9,poor
478,F,15,services,other,reputation,mother,2,0,no,yes,no,no,yes,4,4,5,4,12,11,11,fair
479,M,15,services,services,home,mother,2,0,no,no,yes,yes,yes,3,3,4,2,13,12,13,fair
480,F,15,other,other,home,father,2,0,no,yes,no,yes,yes,3,2,4,2,13,12,12,fair
481,F,15,services,services,reputation,father,2,0,no,no,no,no,yes,4,4,5,4,12,11,12,fair
482,F,16,at_home,other,course,mother,2,0,no,yes,no,no,no,3,4,2,6,13,11,11,fair
483,F,15,other,other,reputation,mother,3,0,no,yes,no,yes,yes,3,3,1,4,15,15,15,good
484,M,16,services,other,reputation,father,2,0,no,no,no,yes,yes,4,2,3,6,12,10,11,fair
485,M,16,teacher,health,reputation,mother,2,0,no,yes,no,no,no,1,3,5,6,9,9,10,fair
486,F,16,other,other,home,mother,3,0,no,yes,no,no,yes,3,3,4,2,9,11,11,fair
487,F,15,services,other,reputation,mother,1,0,no,no,no,yes,yes,5,5,1,6,14,13,13,fair
488,F,16,other,other,home,father,2,0,yes,yes,no,no,no,3,3,2,0,12,13,12,fair
489,F,16,teacher,services,home,mother,2,0,no,yes,no,yes,yes,3,3,1,2,13,14,14,fair
490,M,15,services,health,reputation,mother,4,0,no,yes,no,yes,yes,3,4,4,2,11,12,12,fair
491,F,15,at_home,other,home,mother,4,0,yes,yes,yes,yes,yes,1,2,1,4,13,13,13,fair
492,M,16,services,other,reputation,mother,1,0,yes,yes,yes,yes,yes,3,3,4,6,9,11,11,fair
493,F,16,other,other,course,mother,2,0,no,yes,no,no,no,3,5,5,0,13,12,12,fair
494,F,16,other,other,reputation,mother,1,0,no,no,no,yes,yes,3,4,1,4,12,13,13,fair
495,F,16,other,at_home,course,mother,3,0,yes,yes,no,no,yes,3,5,3,2,12,13,13,fair
496,M,16,services,services,other,mother,1,0,yes,yes,no,yes,yes,5,5,4,12,9,9,8,poor
497,M,16,services,teacher,other,father,3,0,no,yes,no,yes,yes,4,3,4,0,16,16,16,good
498,M,15,services,other,course,mother,1,0,no,yes,yes,yes,yes,3,3,5,2,12,13,12,fair
499,F,15,services,other,home,mother,2,0,yes,yes,no,no,yes,3,5,2,16,11,10,10,fair
500,M,15,services,other,course,mother,2,0,no,yes,no,yes,yes,4,4,1,0,16,16,16,good
501,F,15,other,health,reputation,father,4,0,yes,no,no,no,no,3,3,4,10,10,10,10,fair
502,F,15,other,other,course,mother,4,0,yes,yes,no,no,yes,1,2,3,4,10,10,10,fair
503,M,16,services,other,home,father,3,0,no,yes,no,yes,yes,3,3,5,4,13,14,14,fair
504,M,15,other,other,home,father,4,0,no,yes,no,yes,yes,3,5,1,8,12,10,11,fair
505,F,16,health,health,other,mother,3,0,no,yes,no,yes,yes,4,5,4,2,15,15,14,fair
506,M,15,teacher,teacher,course,mother,1,0,no,no,no,yes,yes,5,3,4,4,13,14,14,fair
507,F,16,services,other,reputation,father,3,0,yes,yes,no,yes,yes,1,2,2,4,11,11,11,fair
508,F,16,at_home,other,home,mother,2,1,yes,no,no,yes,yes,1,2,5,12,8,10,10,fair
509,M,15,teacher,other,course,mother,1,0,no,no,no,no,yes,5,2,3,10,18,17,18,good
510,M,15,health,services,reputation,mother,2,0,no,no,no,yes,yes,4,2,5,4,10,9,10,fair
511,M,16,teacher,teacher,course,father,2,0,no,yes,no,yes,yes,4,4,5,6,16,14,14,fair
512,M,15,other,teacher,reputation,father,2,0,no,yes,no,yes,no,4,3,2,4,16,15,16,good
513,M,16,other,services,home,father,1,0,no,no,no,yes,yes,4,2,5,6,14,14,15,good
514,M,17,other,other,course,father,2,1,no,yes,no,yes,yes,2,4,5,14,12,11,11,fair
515,M,15,other,other,reputation,father,1,0,no,no,no,no,yes,4,3,4,2,14,13,14,fair
516,F,15,at_home,services,course,mother,2,0,no,no,no,no,yes,2,3,1,0,14,14,14,fair
517,M,15,services,services,home,father,4,0,no,yes,no,yes,yes,5,4,5,6,14,13,13,fair
518,F,16,other,health,course,father,2,0,no,yes,no,yes,yes,2,2,5,2,14,12,13,fair
519,M,16,health,other,course,mother,1,0,no,yes,no,yes,yes,4,4,5,4,12,13,13,fair
520,F,16,other,other,home,mother,2,0,no,no,no,no,yes,4,4,5,0,12,11,11,fair
521,M,15,services,services,home,father,1,0,yes,no,no,no,yes,5,5,5,2,9,9,9,poor
522,F,15,other,other,home,mother,2,0,yes,no,no,yes,yes,3,2,1,0,10,11,11,fair
523,F,19,at_home,other,course,other,2,2,no,yes,no,no,no,4,2,5,0,9,10,11,fair
524,M,16,teacher,teacher,course,mother,1,0,no,no,no,yes,yes,5,5,4,8,14,14,15,good
525,M,16,other,other,course,mother,3,0,no,yes,no,no,yes,2,3,1,4,13,12,13,fair
526,F,15,services,teacher,course,father,3,0,no,yes,no,no,yes,2,2,5,0,10,11,12,fair
527,F,18,services,other,reputation,mother,2,3,no,yes,no,yes,yes,4,5,5,10,10,9,8,poor
528,F,17,other,other,course,mother,1,0,no,yes,no,no,yes,2,2,5,8,11,10,11,fair
529,F,15,at_home,other,course,mother,1,0,no,yes,no,yes,yes,3,3,4,6,11,12,13,fair
530,F,17,other,other,course,father,1,0,no,yes,no,no,yes,4,4,5,2,13,12,12,fair
531,F,16,services,other,course,father,1,0,no,no,no,no,yes,2,1,5,12,15,13,14,fair
532,M,16,at_home,other,course,mother,1,0,no,no,no,no,no,2,1,2,4,9,9,11,fair
533,F,16,other,other,home,mother,1,1,no,no,no,no,no,3,4,5,12,13,11,11,fair
534,M,15,at_home,teacher,course,mother,2,0,no,yes,no,no,no,3,3,5,2,12,11,11,fair
535,F,15,services,at_home,course,mother,3,0,no,yes,no,yes,yes,3,3,5,4,13,14,15,good
536,M,17,at_home,other,course,mother,2,0,no,no,no,no,no,4,5,5,2,10,9,10,fair
537,F,16,at_home,other,course,mother,2,0,no,yes,no,no,no,1,3,3,0,14,13,13,fair
538,M,18,services,services,course,mother,1,0,no,no,no,yes,yes,3,4,4,2,11,11,12,fair
539,F,18,other,services,course,other,3,0,no,yes,no,yes,yes,3,3,5,10,12,11,11,fair
540,F,16,other,services,reputation,mother,1,0,no,yes,no,yes,no,3,3,1,8,12,11,11,fair
541,F,16,other,other,course,other,1,0,no,yes,no,yes,yes,3,2,5,4,9,9,10,fair
542,M,16,services,other,course,mother,2,2,no,no,no,no,no,4,4,5,0,10,10,10,fair
543,F,15,teacher,teacher,course,mother,1,0,no,no,no,yes,yes,3,2,5,6,13,14,14,fair
544,F,15,other,other,course,mother,1,1,no,no,no,yes,yes,5,5,1,2,8,9,9,poor
545,M,15,teacher,services,course,father,4,0,yes,yes,no,no,yes,2,2,3,6,9,11,11,fair
546,F,15,services,services,home,mother,2,0,no,no,no,no,no,3,2,1,24,9,8,9,poor
547,M,16,services,services,course,mother,3,0,no,yes,no,yes,yes,3,3,5,0,15,13,13,fair
548,M,16,services,services,reputation,father,1,0,no,yes,no,yes,yes,3,3,2,4,12,11,11,fair
549,F,15,teacher,services,course,mother,3,0,no,yes,no,yes,yes,2,2,5,2,13,13,13,fair
550,F,16,at_home,at_home,course,mother,1,0,no,no,no,no,yes,4,4,1,4,10,11,11,fair
551,M,17,other,other,home,mother,1,0,no,yes,no,no,yes,4,5,5,22,9,7,6,poor
552,F,15,other,services,course,father,2,0,no,yes,no,no,yes,4,2,5,0,12,12,12,fair
553,F,15,at_home,other,home,mother,1,0,no,yes,no,yes,yes,4,2,5,0,11,10,10,fair
554,F,15,health,services,home,father,2,1,no,yes,no,no,yes,3,2,3,2,11,11,11,fair
555,F,15,at_home,other,course,mother,2,0,no,yes,no,no,yes,3,2,5,6,13,12,13,fair
556,F,15,at_home,services,course,father,2,0,no,no,no,no,no,3,4,1,6,11,11,11,fair
557,M,16,teacher,teacher,course,mother,1,0,no,yes,no,no,yes,3,2,5,16,9,9,8,poor
558,M,15,services,other,course,mother,1,0,no,no,no,no,yes,5,5,5,0,12,11,11,fair
559,M,18,other,other,course,mother,1,2,no,no,no,no,yes,3,5,4,0,11,9,0,poor
560,M,16,at_home,other,course,mother,1,1,no,no,no,yes,no,4,4,5,6,9,10,10,fair
561,F,15,services,services,reputation,other,3,0,no,yes,yes,yes,yes,2,1,3,2,13,13,13,fair
562,M,19,services,at_home,home,mother,1,0,no,yes,no,no,yes,5,4,4,6,11,9,11,fair
563,F,17,other,teacher,course,mother,1,0,yes,yes,no,no,no,2,1,4,0,13,13,13,fair
564,M,15,at_home,services,course,mother,2,0,yes,no,yes,yes,no,4,4,1,0,7,8,8,poor
565,M,17,other,other,reputation,mother,1,3,no,no,no,no,no,2,2,5,14,9,8,10,fair
566,F,18,at_home,other,course,mother,1,3,no,yes,no,yes,no,2,5,4,6,11,10,11,fair
567,M,16,at_home,other,course,mother,1,0,no,no,no,no,no,2,2,3,4,12,10,11,fair
568,M,16,other,services,course,father,2,1,no,yes,no,no,yes,5,5,5,0,10,10,1,poor
569,M,16,health,services,course,mother,1,2,no,no,no,no,yes,4,5,5,0,9,8,10,fair
570,M,17,at_home,other,course,mother,1,1,no,no,yes,yes,yes,3,2,5,8,8,8,9,poor
571,M,17,other,other,course,mother,2,2,yes,yes,no,no,yes,4,4,3,4,7,6,8,poor
572,M,15,other,other,course,mother,1,0,no,no,no,yes,no,4,4,5,2,8,9,10,fair
573,M,16,at_home,services,course,father,1,1,no,no,no,no,yes,3,3,2,2,9,8,8,poor
574,M,17,other,services,course,mother,2,0,no,no,no,yes,no,3,5,5,0,8,8,8,poor
575,M,17,services,services,course,mother,1,3,no,yes,no,yes,no,5,2,2,10,8,7,8,poor
576,M,16,other,other,course,father,2,0,no,no,no,no,yes,3,5,4,0,9,10,11,fair
577,F,16,health,services,home,father,2,0,no,no,no,no,yes,2,3,3,0,17,17,18,good
578,F,16,other,other,home,mother,2,0,no,yes,no,no,yes,1,5,4,0,12,12,13,fair
579,F,16,health,health,reputation,mother,2,0,no,yes,no,no,yes,4,2,3,0,16,16,17,good
580,M,16,other,other,course,father,1,1,no,yes,no,yes,yes,4,5,2,4,9,9,10,fair
581,M,16,other,other,reputation,mother,2,0,no,yes,no,yes,yes,3,2,3,0,16,17,18,good
582,M,17,teacher,other,reputation,mother,2,0,no,yes,no,yes,yes,4,4,5,0,11,9,10,fair
583,F,16,at_home,services,home,mother,2,0,no,no,no,yes,yes,3,5,3,0,14,13,13,fair
584,F,16,other,other,reputation,mother,2,0,no,yes,no,yes,yes,4,5,4,0,14,14,15,good
585,M,17,teacher,other,course,mother,2,0,no,no,no,yes,yes,4,4,4,0,10,11,11,fair
586,F,16,services,other,reputation,mother,2,0,no,no,no,yes,yes,4,4,5,0,13,12,14,fair
587,M,17,other,other,reputation,father,2,0,no,no,no,yes,yes,3,4,4,4,11,9,10,fair
588,M,16,teacher,services,other,mother,1,0,no,yes,no,yes,yes,3,3,3,8,10,9,11,fair
589,M,17,other,other,course,mother,2,0,no,yes,yes,yes,yes,2,3,2,4,11,11,13,fair
590,M,16,teacher,other,home,mother,2,0,no,yes,yes,yes,yes,4,3,3,4,11,10,11,fair
591,M,16,services,other,home,mother,2,0,no,no,no,yes,yes,2,3,3,0,11,12,13,fair
592,F,17,services,services,reputation,father,2,0,no,yes,no,yes,no,4,2,5,0,17,18,17,good
593,F,17,other,other,reputation,mother,2,0,no,yes,no,yes,yes,3,3,1,32,14,13,14,fair
594,F,16,other,other,reputation,mother,2,0,no,yes,no,no,yes,2,2,1,8,14,15,16,good
595,M,17,services,services,other,mother,2,0,no,yes,no,yes,yes,3,4,4,6,11,13,14,fair
596,M,16,services,services,other,mother,1,0,no,yes,no,yes,yes,3,3,3,0,10,9,11,fair
597,M,16,other,other,course,mother,2,0,no,no,no,yes,yes,2,3,5,0,13,14,16,good
598,F,17,health,other,reputation,mother,2,0,no,yes,no,no,yes,3,3,3,10,12,13,14,fair
599,M,17,at_home,other,home,mother,2,0,no,no,no,no,no,1,3,3,6,9,9,10,fair
600,F,16,services,services,course,mother,2,0,no,no,no,no,yes,3,3,2,6,12,12,13,fair
601,F,17,at_home,services,course,mother,2,0,no,no,no,yes,yes,3,3,3,0,12,11,12,fair
602,M,17,at_home,services,other,other,2,0,no,no,no,yes,yes,4,4,5,16,10,11,12,fair
603,M,16,services,services,reputation,mother,1,0,no,yes,no,yes,yes,3,2,5,0,11,10,10,fair
604,M,16,other,other,home,father,1,0,no,no,no,no,yes,3,3,3,0,13,12,12,fair
605,F,17,services,services,course,father,2,0,no,no,no,yes,yes,3,2,5,8,14,15,16,good
606,M,17,services,teacher,home,mother,1,0,no,no,no,no,yes,2,3,5,4,13,13,14,fair
607,M,16,teacher,other,home,father,1,0,no,yes,no,yes,yes,3,4,3,16,10,11,12,fair
608,F,17,services,teacher,home,mother,1,1,no,yes,no,no,yes,2,4,2,30,14,15,16,good
609,F,16,teacher,teacher,reputation,mother,2,0,no,yes,no,no,yes,5,2,3,0,11,10,11,fair
610,F,16,health,other,home,mother,2,0,no,yes,no,yes,yes,3,5,2,2,14,14,15,good
611,F,16,other,other,reputation,mother,2,0,yes,yes,no,yes,no,4,3,4,4,11,12,12,fair
612,F,17,other,other,course,mother,2,0,no,yes,no,no,no,4,4,1,0,14,15,15,good
613,F,17,other,other,reputation,mother,1,0,no,yes,no,no,yes,3,2,3,21,13,13,13,fair
614,F,16,services,services,reputation,mother,4,0,no,yes,no,yes,yes,3,5,5,6,13,13,13,fair
615,F,17,at_home,services,home,mother,3,1,no,yes,yes,no,yes,4,3,5,14,8,9,8,poor
616,F,16,services,other,course,mother,2,0,no,yes,no,no,yes,3,3,4,2,11,11,12,fair
617,F,16,teacher,other,other,mother,2,0,no,no,no,yes,yes,3,2,1,4,14,15,15,good
618,F,16,at_home,other,home,mother,1,0,no,yes,no,no,no,3,2,5,2,12,13,13,fair
619,F,17,teacher,other,reputation,mother,3,0,no,yes,no,yes,yes,4,2,4,0,11,12,12,fair
620,F,19,other,other,reputation,other,4,0,no,yes,no,yes,yes,3,3,3,4,12,12,12,fair
621,M,17,services,other,home,mother,2,0,no,yes,no,no,yes,3,5,3,15,13,12,12,fair
622,F,16,other,other,reputation,mother,2,0,yes,yes,no,no,yes,3,4,4,0,13,13,13,fair
623,M,18,services,other,home,mother,2,0,no,yes,no,yes,yes,4,4,5,10,12,11,11,fair
624,F,17,services,other,other,mother,1,0,no,yes,no,no,no,2,1,3,6,12,11,11,fair
625,F,17,other,other,reputation,mother,2,0,no,no,no,no,yes,4,4,1,2,14,16,15,good
626,F,17,other,other,reputation,mother,2,0,no,no,no,no,yes,4,5,1,16,11,9,10,fair
627,M,18,services,health,home,father,2,0,no,yes,no,no,yes,2,4,4,10,10,10,10,fair
628,F,17,at_home,other,home,father,1,0,no,yes,no,no,no,3,3,3,4,12,13,13,fair
629,F,17,at_home,at_home,course,mother,3,0,no,yes,no,yes,yes,3,3,4,0,12,12,13,fair
630,F,17,at_home,services,reputation,mother,2,0,no,yes,no,yes,yes,2,5,5,0,11,10,11,fair
631,F,17,at_home,other,reputation,mother,3,0,no,yes,no,yes,no,3,4,5,12,12,12,12,fair
632,F,16,services,teacher,other,mother,2,0,yes,no,no,no,yes,3,1,3,0,13,13,14,fair
633,M,18,other,other,home,mother,2,3,no,yes,yes,no,yes,3,3,4,9,10,9,10,fair
634,F,16,teacher,services,home,mother,3,0,no,yes,no,yes,yes,3,2,5,4,15,16,16,good
635,F,18,other,other,reputation,mother,2,0,no,no,no,yes,yes,3,3,4,4,8,8,8,poor
636,F,17,other,other,course,mother,2,0,no,no,no,yes,yes,3,4,3,2,17,18,17,good
637,M,17,services,services,reputation,father,2,0,no,yes,no,no,yes,3,3,3,0,10,11,11,fair
638,M,18,at_home,other,course,mother,2,0,yes,yes,no,yes,yes,3,2,3,2,9,10,11,fair
639,F,17,other,other,course,mother,3,0,no,no,no,yes,yes,2,3,3,0,15,15,16,good
640,F,17,health,other,reputation,father,2,0,no,no,no,yes,yes,2,3,3,0,14,12,12,fair
641,M,17,other,other,course,father,2,0,no,yes,no,yes,yes,5,2,1,0,12,13,13,fair
642,M,17,teacher,teacher,reputation,mother,2,0,yes,yes,no,yes,yes,5,5,2,0,13,13,13,fair
643,M,16,health,other,reputation,father,2,0,no,yes,no,yes,yes,2,4,1,0,13,13,14,fair
644,M,16,other,other,home,mother,2,0,no,yes,no,no,yes,4,2,5,2,9,9,9,poor
645,M,16,at_home,other,reputation,mother,3,0,no,no,no,yes,yes,3,3,2,0,12,12,12,fair
646,M,17,other,other,home,father,2,0,no,no,no,yes,yes,4,2,4,0,16,16,16,good
647,F,16,other,other,home,mother,1,0,no,no,no,no,yes,5,2,5,4,9,10,10,fair
648,F,16,other,other,home,mother,2,0,no,no,no,yes,yes,3,3,5,0,14,13,13,fair
649,F,18,services,other,course,mother,2,1,no,yes,no,no,yes,3,3,3,18,10,10,10,fair
650,F,18,at_home,services,course,mother,2,1,no,yes,no,no,yes,3,1,5,16,9,8,10,fair
651,F,18,other,other,course,mother,1,1,no,no,no,no,yes,1,1,3,14,8,7,7,poor
652,M,18,other,at_home,course,other,1,1,no,yes,no,yes,yes,4,3,1,26,7,8,8,poor
653,M,17,teacher,teacher,course,mother,1,0,no,yes,no,yes,yes,2,1,5,6,10,8,9,poor
654,F,17,other,other,course,father,2,0,no,no,no,yes,no,4,2,3,4,14,14,15,good
655,F,17,at_home,at_home,course,mother,3,0,no,yes,no,yes,yes,3,2,4,10,11,10,10,fair
656,F,16,other,other,course,mother,1,0,no,no,no,no,yes,3,5,5,4,12,11,11,fair
657,F,17,at_home,services,course,mother,2,0,no,no,no,yes,no,1,1,3,2,13,13,13,fair
658,F,17,other,other,course,other,1,1,no,yes,no,no,yes,5,4,5,14,9,9,8,poor
659,M,18,other,services,reputation,father,2,0,no,no,no,no,yes,5,4,2,16,8,7,8,poor
660,F,17,other,other,home,mother,1,1,no,yes,no,no,yes,1,2,1,8,11,9,10,fair
661,F,17,at_home,other,course,mother,3,0,no,no,no,yes,yes,3,3,5,4,15,14,15,good
662,F,17,teacher,other,course,mother,2,0,no,yes,no,yes,no,3,2,4,4,15,14,14,fair
663,M,17,health,other,course,mother,2,0,no,no,no,yes,yes,5,5,5,8,15,15,15,good
664,M,17,teacher,other,course,mother,2,0,no,yes,no,no,yes,3,3,4,0,12,12,12,fair
665,M,16,teacher,other,course,mother,1,0,no,no,no,yes,yes,4,5,3,7,14,14,15,good
666,M,16,services,services,course,mother,1,0,no,no,yes,yes,yes,3,2,5,4,14,15,15,good
667,F,17,teacher,services,course,mother,2,0,no,yes,yes,no,yes,3,1,5,2,11,11,12,fair
668,M,17,other,other,home,father,3,0,no,no,no,no,yes,3,3,1,2,13,14,15,good
669,F,17,services,other,home,mother,3,0,no,yes,no,no,yes,2,2,5,10,11,11,11,fair
670,F,17,at_home,other,course,mother,2,0,yes,no,no,no,no,3,2,4,10,10,9,10,fair
671,F,18,other,other,course,other,3,0,no,yes,no,no,yes,4,4,3,10,12,10,11,fair
672,M,16,other,other,course,mother,1,0,no,no,no,no,yes,3,3,4,7,15,16,16,good
673,F,17,other,services,course,father,2,0,no,yes,no,no,no,3,4,5,4,11,10,11,fair
674,M,17,other,other,course,father,1,0,no,no,no,no,yes,2,2,2,2,9,12,13,fair
675,M,22,services,services,other,mother,1,3,no,no,no,no,yes,4,5,1,12,7,8,5,poor
676,M,18,other,services,course,mother,2,0,no,yes,no,no,yes,3,3,5,8,10,9,10,fair
677,M,16,other,other,other,mother,1,0,no,no,no,no,yes,3,2,5,0,11,12,11,fair
678,M,18,services,other,course,mother,1,0,no,no,no,no,yes,4,5,5,8,7,8,7,poor
679,M,16,at_home,other,reputation,other,2,1,yes,yes,no,no,yes,3,3,2,4,9,11,10,fair
680,M,18,services,services,other,mother,1,2,no,no,no,no,yes,2,5,5,4,7,8,6,poor
681,M,16,other,other,course,mother,1,0,no,no,no,yes,no,3,2,3,2,14,13,12,fair
682,M,17,other,other,course,mother,1,0,no,no,no,no,yes,4,2,5,0,12,12,13,fair
683,M,17,health,other,course,mother,1,1,no,yes,no,yes,yes,4,4,5,0,9,10,10,fair
684,F,18,other,other,course,mother,2,0,no,yes,no,no,yes,3,4,5,2,12,12,13,fair
685,F,17,teacher,services,reputation,mother,4,0,no,yes,no,yes,yes,2,3,4,2,14,15,17,good
686,F,19,services,services,home,mother,2,0,no,yes,no,no,yes,3,3,5,0,10,10,11,fair
687,M,18,services,other,course,mother,2,1,no,no,no,yes,yes,4,5,5,4,11,10,11,fair
688,F,17,other,other,course,mother,3,0,no,yes,no,yes,yes,3,4,5,2,11,12,14,fair
689,F,18,other,at_home,home,mother,3,0,no,yes,no,no,no,4,3,3,4,11,12,14,fair
690,F,18,other,other,home,mother,2,0,yes,no,no,no,no,2,3,5,4,11,11,13,fair
691,M,19,services,at_home,reputation,mother,2,0,no,yes,no,no,yes,3,1,1,4,11,13,14,fair
692,M,18,other,other,home,mother,2,0,no,no,no,yes,yes,2,4,4,2,16,16,16,good
693,M,17,other,services,other,mother,1,0,no,no,no,no,no,2,2,4,0,9,10,10,fair
694,F,17,services,services,course,father,4,0,no,no,no,yes,yes,4,1,2,2,10,11,12,fair
695,F,20,other,other,course,other,2,0,no,yes,yes,yes,yes,2,3,2,8,10,12,12,fair
696,F,18,services,other,home,father,2,0,no,yes,no,no,yes,1,2,2,2,15,15,15,good
697,M,18,teacher,other,course,mother,2,0,no,yes,no,no,yes,3,2,3,2,10,10,11,fair
698,M,18,other,other,course,mother,3,0,no,no,no,yes,no,3,2,3,2,10,11,12,fair
699,F,17,other,other,home,mother,3,0,no,no,no,yes,no,2,3,4,2,15,12,13,fair
700,F,18,at_home,services,home,mother,3,0,no,yes,no,yes,yes,3,3,3,0,11,12,13,fair
701,M,17,other,other,home,father,1,0,no,no,no,no,yes,4,4,4,8,8,8,9,poor
702,M,18,other,other,reputation,mother,2,0,no,yes,no,yes,yes,2,5,1,6,15,16,16,good
703,M,17,services,other,other,mother,2,0,no,no,no,yes,yes,4,4,5,0,11,11,14,fair
704,F,18,teacher,other,reputation,mother,2,0,no,no,no,yes,yes,3,4,4,8,10,11,12,fair
705,M,18,health,other,reputation,father,2,0,no,yes,no,yes,yes,4,5,5,4,10,12,14,fair
706,F,18,other,other,reputation,mother,2,0,no,yes,no,no,yes,3,5,3,12,8,9,10,fair
707,F,19,other,services,home,other,2,0,no,yes,no,yes,yes,3,5,5,16,11,12,12,fair
708,F,18,other,services,reputation,father,4,0,no,yes,no,yes,yes,5,5,2,10,16,16,16,good
709,F,18,other,other,home,mother,2,0,no,yes,no,no,no,4,3,3,2,13,13,13,fair
710,M,17,at_home,at_home,home,mother,2,0,no,yes,no,yes,no,5,2,1,2,16,17,18,good
711,F,18,other,other,home,mother,2,0,no,yes,no,no,yes,2,5,1,8,14,14,15,good
712,F,17,at_home,health,reputation,mother,2,0,no,yes,no,no,yes,3,3,1,6,15,16,16,good
713,F,17,services,other,course,mother,2,0,yes,yes,no,no,yes,4,4,5,6,12,12,12,fair
714,F,18,other,services,home,mother,2,0,no,no,no,no,yes,1,1,5,15,12,9,10,fair
715,M,18,teacher,services,home,mother,1,0,no,no,no,yes,yes,2,4,3,6,11,12,12,fair
716,F,18,health,health,reputation,father,2,1,yes,yes,no,yes,yes,4,4,4,2,14,12,13,fair
717,F,17,other,services,reputation,father,3,0,no,yes,no,no,yes,2,3,1,8,13,15,15,good
718,F,19,services,services,reputation,father,2,1,yes,yes,no,no,yes,3,3,3,0,9,8,10,fair
719,M,18,teacher,services,course,mother,1,0,no,no,no,yes,yes,2,3,1,0,10,10,10,fair
720,M,18,at_home,other,home,other,1,0,no,no,no,no,yes,4,4,4,10,10,10,11,fair
721,M,17,services,other,home,mother,1,0,no,no,no,yes,yes,5,4,5,22,11,11,10,fair
722,M,17,teacher,services,home,mother,1,0,no,no,no,no,yes,4,4,3,18,13,13,13,fair
723,F,18,at_home,other,reputation,mother,4,0,no,yes,no,yes,no,2,2,3,2,17,17,18,good
724,F,18,other,other,home,mother,2,0,yes,no,no,yes,yes,4,4,4,0,12,13,13,fair
725,F,17,other,other,course,mother,2,0,no,yes,no,no,yes,4,5,5,12,12,12,14,fair
726,F,18,other,other,reputation,mother,2,0,no,no,no,yes,yes,3,1,5,10,12,13,14,fair
727,M,17,other,other,reputation,father,2,0,no,no,no,no,yes,3,3,4,0,12,12,12,fair
728,F,18,at_home,at_home,other,mother,3,0,no,yes,no,no,yes,3,3,2,0,18,18,18,good
729,F,17,services,teacher,reputation,mother,3,0,no,yes,no,no,yes,3,3,3,0,13,13,14,fair
730,M,18,services,services,reputation,mother,3,0,no,no,no,yes,yes,2,4,2,0,14,15,15,good
731,M,18,teacher,teacher,reputation,mother,2,0,no,yes,no,yes,yes,4,3,2,0,17,17,17,good
732,M,18,teacher,other,home,mother,2,0,no,yes,no,yes,yes,3,2,5,2,15,16,16,good
733,F,17,health,services,reputation,mother,3,0,no,yes,no,no,yes,2,2,3,0,17,18,18,good
734,F,17,services,other,reputation,mother,4,0,no,yes,no,no,no,1,2,3,0,18,19,19,good
735,M,18,services,other,reputation,mother,3,0,no,yes,no,yes,yes,4,2,4,0,14,15,15,good
736,M,17,health,other,home,mother,1,0,no,yes,no,no,yes,4,3,5,0,14,15,15,good
737,F,19,health,other,reputation,other,2,0,no,yes,no,yes,yes,3,4,2,2,14,13,13,fair
738,F,18,other,other,home,other,2,0,no,yes,no,no,yes,4,5,2,0,13,14,14,fair
739,F,18,other,other,reputation,father,4,0,no,yes,no,no,yes,3,3,3,0,16,17,17,good
740,M,18,teacher,teacher,home,mother,1,0,no,yes,no,no,yes,4,2,1,0,18,18,17,good
741,F,18,health,other,home,mother,2,0,no,yes,yes,no,yes,2,4,4,0,14,15,15,good
742,M,17,other,teacher,home,father,1,0,no,no,no,no,yes,1,1,5,0,12,13,13,fair
743,F,17,services,services,reputation,mother,3,0,no,yes,no,yes,yes,3,4,5,0,7,7,8,poor
744,F,17,other,other,reputation,mother,3,0,no,yes,no,no,yes,3,3,3,0,16,16,16,good
745,F,17,health,health,reputation,father,4,0,no,yes,no,yes,yes,2,2,5,0,18,18,18,good
746,M,19,at_home,services,course,mother,3,1,no,no,no,yes,yes,3,1,5,0,9,10,11,fair
747,M,20,services,other,course,other,1,2,no,no,no,yes,no,5,3,5,0,14,15,15,good
748,M,19,other,services,reputation,father,2,0,no,no,no,yes,no,5,3,5,0,10,10,11,fair
749,F,18,other,teacher,home,mother,2,0,yes,yes,no,no,no,4,4,5,2,10,10,11,fair
750,F,18,services,other,course,mother,2,0,no,yes,no,yes,yes,3,3,1,2,12,12,15,good
751,F,17,other,other,course,father,2,0,no,no,no,yes,yes,2,1,3,2,11,12,14,fair
752,F,17,teacher,teacher,course,mother,1,0,no,no,no,yes,yes,4,4,5,2,15,16,17,good
753,F,18,other,other,course,mother,3,0,no,yes,no,yes,yes,3,4,5,2,14,15,17,good
754,F,18,health,services,course,mother,1,0,no,yes,no,no,yes,2,4,1,8,12,12,15,good
755,F,17,at_home,services,course,father,3,0,no,yes,no,yes,yes,3,4,5,2,15,15,17,good
756,F,18,at_home,other,course,father,2,0,no,yes,no,no,yes,1,4,3,8,11,12,14,fair
757,M,19,health,other,course,mother,2,0,no,yes,no,yes,yes,4,4,1,9,11,10,10,fair
758,F,18,teacher,other,course,mother,2,0,no,yes,no,no,yes,4,4,5,0,12,11,13,fair
759,F,18,other,other,course,mother,1,0,no,yes,no,yes,yes,4,4,1,4,11,12,14,fair
760,F,17,health,health,course,mother,1,0,no,no,no,yes,yes,3,4,5,2,14,15,17,good
761,F,17,services,services,course,mother,2,0,no,yes,no,no,yes,2,2,5,14,15,14,17,good
762,F,17,services,other,home,mother,2,0,yes,yes,no,no,yes,3,3,5,0,12,12,13,fair
763,F,17,other,other,home,father,2,0,no,no,no,yes,yes,2,3,2,2,11,12,14,fair
764,M,18,other,other,reputation,father,1,0,no,yes,no,no,yes,2,5,5,2,8,9,11,fair
765,F,19,other,other,course,other,3,0,no,no,no,yes,no,5,5,5,12,10,10,11,fair
766,F,19,other,other,course,other,2,2,no,yes,no,no,yes,3,4,4,2,8,8,9,poor
767,F,18,other,other,course,mother,1,0,no,yes,no,yes,yes,3,5,5,2,10,10,10,fair
768,F,17,other,other,course,mother,2,0,no,yes,no,no,no,2,2,3,4,14,13,13,fair
769,F,17,services,services,course,mother,3,0,no,yes,no,yes,yes,3,2,3,0,11,11,10,fair
770,F,17,services,services,course,father,3,0,no,yes,no,no,yes,4,3,5,0,17,18,17,good
771,F,17,at_home,at_home,home,father,3,0,no,no,no,no,yes,3,3,2,0,14,14,15,good
772,F,18,other,other,home,mother,3,0,no,no,no,yes,yes,5,5,2,0,14,14,14,fair
773,M,18,other,other,course,mother,3,0,no,no,no,yes,yes,3,3,3,0,13,14,13,fair
774,M,17,other,services,reputation,mother,1,0,no,no,no,yes,yes,3,5,5,0,17,18,17,good
775,M,17,services,other,course,mother,1,0,no,yes,no,no,yes,4,5,4,2,11,10,10,fair
776,F,17,teacher,services,course,mother,3,0,no,yes,no,yes,yes,4,4,4,0,13,12,13,fair
777,F,17,teacher,teacher,course,mother,3,0,no,yes,no,no,yes,3,3,4,4,15,14,15,good
778,F,17,at_home,other,course,mother,1,0,no,yes,yes,yes,yes,2,5,5,2,11,12,11,fair
779,M,18,other,other,course,mother,4,0,no,yes,yes,yes,yes,5,5,5,0,11,11,12,fair
780,M,19,at_home,services,home,other,1,0,no,yes,no,no,no,3,4,5,0,11,10,10,fair
781,F,18,at_home,other,course,mother,2,0,no,no,no,yes,no,2,5,2,2,10,9,10,fair
782,F,17,at_home,other,course,father,3,0,no,yes,no,no,yes,4,3,5,0,15,15,15,good
783,M,18,other,other,reputation,mother,1,0,no,no,no,no,yes,4,2,5,6,15,14,15,good
784,F,18,services,services,home,mother,2,0,no,no,no,yes,yes,3,4,4,8,10,11,12,fair
785,F,18,other,other,home,other,2,0,no,no,no,yes,yes,3,3,2,0,10,9,12,fair
786,F,18,at_home,other,course,mother,4,0,no,no,no,yes,no,4,4,4,6,14,13,14,fair
787,F,17,services,other,course,mother,3,0,no,no,no,no,yes,4,5,5,8,11,13,14,fair
788,F,17,other,other,home,mother,2,0,no,yes,no,no,yes,3,2,2,0,12,13,15,good
789,F,18,services,services,home,mother,4,0,no,yes,no,no,yes,3,3,1,4,14,14,15,good
790,F,17,other,other,home,mother,2,0,no,yes,no,no,yes,3,3,2,0,14,14,16,good
791,M,18,teacher,services,home,father,2,0,no,yes,no,yes,yes,3,3,2,0,12,12,13,fair
792,M,18,services,other,home,mother,2,0,no,no,no,yes,yes,3,3,5,6,16,16,17,good
793,F,17,at_home,at_home,home,father,2,0,no,yes,no,no,yes,3,1,4,18,10,12,14,fair
794,F,18,at_home,other,course,mother,3,0,no,yes,no,no,yes,3,3,3,0,11,12,14,fair
795,F,18,other,services,other,mother,3,0,no,no,no,no,yes,4,3,1,4,14,16,17,good
796,M,18,teacher,services,course,mother,3,0,no,no,no,no,yes,3,2,4,4,15,14,17,good
797,M,18,teacher,other,course,mother,3,0,no,yes,no,no,yes,4,5,5,0,14,13,14,fair
798,F,17,health,other,reputation,mother,3,0,no,yes,no,yes,yes,4,3,4,0,11,12,13,fair
799,F,17,services,other,course,mother,2,0,no,yes,no,yes,yes,3,4,1,10,12,15,15,good
800,F,17,services,other,reputation,mother,2,0,no,yes,no,yes,yes,3,5,4,4,12,16,16,good
801,F,19,at_home,other,home,other,1,1,no,no,no,no,yes,2,3,5,16,10,11,11,fair
802,F,17,other,at_home,home,mother,1,1,no,yes,yes,no,yes,1,2,3,6,10,13,13,fair
803,F,21,other,other,reputation,other,3,2,no,no,yes,yes,yes,3,2,5,0,9,12,12,fair
804,M,18,services,services,reputation,mother,2,0,no,yes,no,yes,yes,4,4,3,11,9,11,12,fair
805,M,18,other,other,reputation,other,2,0,no,no,no,yes,yes,3,5,2,9,13,14,15,good
806,F,17,services,services,reputation,mother,2,0,no,yes,no,yes,yes,3,4,4,0,13,17,17,good
807,M,17,health,other,reputation,mother,3,0,no,yes,no,no,yes,4,2,4,2,12,15,15,good
808,F,18,teacher,other,course,mother,2,0,no,yes,no,yes,yes,2,2,3,0,14,17,17,good
809,M,21,at_home,other,course,other,2,2,no,yes,no,yes,yes,3,3,4,21,9,10,10,fair
810,F,20,other,other,reputation,other,3,0,no,no,no,no,yes,2,2,3,8,11,15,15,good
811,F,19,teacher,other,home,other,1,1,no,yes,no,no,yes,2,5,5,5,9,10,11,fair
812,M,17,other,other,reputation,mother,2,0,no,yes,no,no,yes,4,4,5,10,16,18,18,good
813,F,18,at_home,other,reputation,father,3,0,no,yes,no,no,yes,3,4,2,5,14,17,17,good
814,M,18,other,services,reputation,father,1,0,no,no,no,no,yes,1,3,4,13,13,14,14,fair
815,M,19,other,other,reputation,mother,1,0,no,no,no,no,yes,3,4,4,10,7,11,11,fair
816,F,18,services,other,reputation,mother,2,0,no,yes,no,no,yes,1,4,4,10,14,17,17,good
817,F,20,other,other,reputation,mother,1,1,yes,no,no,no,yes,3,1,5,5,8,10,10,fair
818,F,18,services,other,home,mother,2,0,no,yes,no,yes,yes,1,2,1,4,10,13,13,fair
819,F,16,at_home,other,other,father,1,0,no,yes,no,no,yes,3,3,5,11,10,11,11,fair
820,F,16,other,other,course,mother,2,0,no,yes,no,yes,yes,4,4,5,0,12,12,12,fair
821,F,15,at_home,services,other,mother,1,1,no,yes,no,no,no,1,3,2,6,10,10,10,fair
822,F,15,at_home,other,course,mother,1,0,no,yes,no,no,yes,4,4,5,4,10,10,11,fair
823,F,16,at_home,services,course,mother,2,0,no,no,no,no,no,5,2,5,0,16,17,17,good
824,F,15,at_home,other,home,mother,1,0,no,no,no,no,no,3,4,1,0,6,8,9,poor
825,M,16,at_home,other,home,mother,2,0,no,yes,no,no,no,3,2,2,5,10,11,11,fair
826,M,16,other,other,other,mother,3,0,yes,no,no,no,yes,4,3,5,0,10,11,11,fair
827,F,17,at_home,other,course,father,2,1,no,no,no,no,no,5,4,5,0,10,10,10,fair
828,F,17,other,other,other,father,1,1,no,yes,no,no,yes,4,4,5,0,6,6,7,poor
829,F,15,teacher,other,course,mother,1,0,no,no,no,no,yes,5,1,5,0,13,14,14,fair
830,F,16,at_home,other,reputation,mother,4,0,no,no,no,yes,no,2,1,1,4,10,9,11,fair
831,F,15,at_home,services,reputation,father,2,0,no,yes,no,no,yes,4,3,4,0,10,10,10,fair
832,F,15,other,services,course,mother,1,1,no,yes,no,no,yes,4,3,2,4,6,7,8,poor
833,F,16,other,other,other,mother,1,0,no,yes,no,yes,no,2,3,2,0,12,11,12,fair
834,F,17,other,other,course,mother,1,0,no,yes,no,no,yes,5,5,3,2,10,11,12,fair
835,F,15,other,services,course,father,1,0,no,no,no,no,yes,1,3,4,0,14,16,16,good
836,M,16,at_home,services,home,mother,2,0,no,yes,no,yes,no,4,5,3,0,7,0,0,poor
837,M,17,other,other,home,mother,2,0,no,no,yes,no,yes,4,3,5,4,8,9,9,poor
838,M,15,health,services,reputation,father,2,0,no,yes,no,yes,yes,3,4,2,0,12,13,14,fair
839,M,15,health,services,reputation,father,2,0,no,yes,no,yes,yes,3,4,2,7,7,9,8,poor
840,M,16,other,health,other,mother,2,0,no,no,no,no,no,4,5,5,4,9,10,11,fair
841,M,15,other,other,course,mother,2,0,no,yes,no,yes,no,4,5,4,8,7,9,9,poor
842,M,15,at_home,at_home,reputation,father,2,0,no,yes,no,yes,yes,3,3,5,0,11,11,11,fair
843,M,17,other,other,other,mother,1,0,no,no,no,yes,no,5,5,3,8,8,10,9,poor
844,F,16,teacher,teacher,course,mother,3,0,no,no,no,yes,yes,2,2,4,6,16,16,17,good
845,F,15,other,services,course,mother,1,0,no,no,no,no,no,1,2,1,3,11,13,13,fair
846,F,16,other,services,course,mother,2,0,no,yes,no,no,yes,5,4,1,2,15,15,15,good
847,M,16,other,other,course,father,2,0,no,no,no,no,no,3,3,5,0,10,11,11,fair
848,F,16,other,other,course,mother,2,0,no,yes,no,no,yes,4,5,4,4,9,10,11,fair
849,F,16,other,services,course,mother,3,1,no,yes,no,no,no,3,2,4,0,10,8,8,poor
850,F,16,other,services,course,mother,3,1,no,yes,no,no,no,3,2,4,3,9,8,8,poor
851,F,15,at_home,other,home,mother,2,0,yes,yes,no,no,yes,4,2,2,0,9,10,9,poor
852,F,16,at_home,other,course,father,2,0,no,yes,no,no,no,4,3,2,0,13,14,15,good
853,M,17,at_home,services,reputation,mother,1,0,no,yes,no,yes,yes,5,5,3,4,10,11,11,fair
854,F,16,other,other,home,father,4,0,no,yes,no,no,yes,3,2,1,0,13,10,13,fair
855,F,16,at_home,other,other,father,3,0,yes,yes,no,no,no,4,3,5,2,10,9,10,fair
856,F,15,at_home,other,home,father,2,0,no,yes,no,yes,yes,3,3,2,1,11,10,11,fair
857,F,16,at_home,other,other,mother,1,0,no,no,no,yes,yes,2,2,2,0,13,12,14,fair
858,F,15,at_home,at_home,course,father,2,0,no,yes,no,no,no,2,1,2,0,13,14,14,fair
859,F,15,other,other,other,father,3,0,yes,yes,no,no,no,4,3,5,2,14,11,12,fair
860,M,16,at_home,other,other,father,1,0,no,no,no,yes,no,4,4,5,6,11,11,11,fair
861,F,18,other,other,course,father,2,1,no,yes,no,yes,yes,4,4,5,9,9,8,8,poor
862,M,15,other,services,home,mother,1,0,no,yes,no,no,no,2,3,4,0,10,9,11,fair
863,F,16,other,services,course,father,2,0,no,yes,no,yes,yes,3,4,2,1,14,13,14,fair
864,M,15,health,other,reputation,mother,1,0,no,no,no,no,no,3,3,4,1,13,12,13,fair
865,M,16,other,teacher,course,father,2,0,no,yes,no,yes,no,3,1,3,0,13,12,13,fair
866,F,15,services,other,reputation,mother,2,0,no,yes,no,no,yes,5,4,1,4,13,12,12,fair
867,F,16,at_home,other,course,mother,2,1,no,yes,no,yes,no,4,4,5,2,12,11,12,fair
868,F,16,other,other,home,father,1,0,no,yes,no,yes,no,3,2,4,0,14,14,16,good
869,M,16,at_home,services,course,mother,1,0,no,yes,no,yes,yes,4,3,4,4,10,8,10,fair
870,M,15,at_home,other,reputation,father,1,0,no,yes,no,yes,yes,2,4,3,2,10,11,11,fair
871,F,15,other,services,course,mother,3,0,no,yes,no,yes,no,3,2,4,0,12,13,14,fair
872,F,16,other,other,home,mother,1,0,no,yes,no,no,yes,4,3,5,2,10,8,8,poor
873,M,15,services,services,course,father,1,0,no,yes,no,yes,yes,3,3,3,11,12,10,11,fair
874,F,16,at_home,other,course,father,2,3,yes,yes,no,no,no,4,3,1,0,7,7,8,poor
875,F,17,other,at_home,course,mother,1,0,no,yes,no,yes,no,5,3,5,4,9,9,10,fair
876,F,19,at_home,services,course,other,1,1,no,no,no,no,yes,4,4,2,0,9,9,10,fair
877,F,17,at_home,other,course,mother,1,0,no,yes,no,yes,no,5,3,3,2,9,10,11,fair
878,F,15,at_home,other,course,mother,1,0,no,yes,no,no,no,2,1,4,0,9,10,9,poor
879,F,16,other,other,course,father,2,0,no,yes,no,no,yes,4,5,1,1,9,10,11,fair
880,F,16,other,other,home,mother,1,0,no,yes,no,no,no,3,4,1,6,7,7,8,poor
881,F,17,at_home,other,course,mother,2,0,no,yes,no,no,yes,3,5,4,0,11,10,11,fair
882,F,16,other,services,course,father,1,1,no,yes,yes,yes,yes,4,3,3,1,9,10,10,fair
883,F,18,other,other,course,other,3,2,no,yes,no,no,no,3,2,2,6,7,9,10,fair
884,F,19,at_home,services,course,mother,3,1,no,no,no,yes,no,3,1,3,6,7,9,9,poor
885,M,18,other,other,home,mother,1,1,no,no,no,yes,yes,4,3,4,0,8,9,10,fair
886,F,18,at_home,at_home,course,mother,1,1,no,no,no,no,yes,2,3,2,4,9,11,10,fair
887,F,19,other,other,course,other,2,1,no,yes,no,no,yes,1,4,1,12,7,8,9,poor
888,F,16,health,other,course,mother,2,0,no,no,no,no,no,3,2,3,2,8,10,10,fair
889,F,17,other,at_home,course,father,1,0,no,no,no,yes,no,4,4,5,5,9,9,10,fair
890,F,16,at_home,other,course,mother,2,0,no,no,no,yes,yes,4,5,3,0,8,9,9,poor
891,F,16,other,other,reputation,mother,1,0,no,no,no,yes,yes,5,4,4,0,14,13,13,fair
892,F,16,services,services,home,mother,1,0,no,yes,no,yes,yes,4,4,4,2,14,14,14,fair
893,M,17,services,at_home,course,mother,4,1,no,yes,yes,yes,no,4,5,5,0,10,11,10,fair
894,F,16,other,services,course,mother,2,0,no,yes,no,yes,yes,3,3,1,0,14,13,14,fair
895,F,16,services,other,course,mother,1,0,no,yes,yes,yes,no,2,5,5,0,17,16,16,good
896,M,17,other,other,course,father,1,1,no,yes,no,yes,yes,3,5,1,12,6,7,7,poor
897,M,16,other,other,course,father,1,0,no,no,no,yes,yes,2,5,5,8,14,12,13,fair
898,M,17,services,services,other,mother,4,1,no,yes,no,no,no,3,5,3,2,10,8,9,poor
899,F,16,other,other,course,other,4,0,yes,yes,no,yes,yes,2,1,5,0,14,14,14,fair
900,F,19,other,other,home,mother,3,0,no,no,no,no,yes,4,5,1,0,12,13,13,fair
901,F,17,at_home,other,reputation,mother,1,0,no,yes,no,yes,yes,4,5,5,0,11,11,11,fair
902,F,20,at_home,services,other,mother,2,1,no,no,no,yes,yes,3,4,3,8,11,9,10,fair
903,F,17,other,services,course,father,3,0,no,yes,no,no,no,3,3,3,0,11,11,10,fair
904,M,17,other,other,course,mother,1,1,no,yes,no,no,yes,4,5,5,0,10,9,9,poor
905,F,16,at_home,other,course,father,2,0,no,yes,no,no,no,3,2,1,0,16,17,18,good
906,F,17,other,other,reputation,mother,2,0,no,yes,no,yes,no,3,2,1,0,15,17,17,good
907,F,17,other,other,other,mother,2,0,no,no,no,no,yes,4,5,4,1,11,9,10,fair
908,F,18,at_home,other,other,mother,2,1,no,yes,no,no,yes,3,2,5,9,7,7,7,poor
909,F,16,other,other,course,mother,1,0,no,no,no,yes,yes,1,3,1,0,8,6,8,poor
910,F,16,services,at_home,course,mother,1,0,no,no,no,no,yes,1,3,3,2,7,6,7,poor
911,F,18,other,at_home,reputation,mother,2,0,yes,no,no,no,no,3,5,3,8,9,8,10,fair
912,F,16,health,teacher,reputation,father,2,0,no,no,no,yes,yes,3,3,2,0,14,16,16,good
913,F,16,other,other,reputation,mother,1,0,no,no,no,yes,yes,4,5,2,0,14,14,15,good
914,F,18,other,services,reputation,father,2,1,no,yes,no,no,yes,3,2,1,8,8,5,8,poor
915,M,16,other,services,reputation,mother,2,0,no,no,no,yes,yes,2,1,2,0,8,7,0,poor
916,F,16,at_home,other,other,mother,2,0,no,yes,no,no,yes,3,2,5,6,6,8,8,poor
917,F,16,at_home,services,other,mother,2,0,no,yes,no,yes,yes,3,3,2,0,8,10,10,fair
918,F,16,health,health,course,mother,2,0,no,yes,no,no,yes,3,4,3,4,8,8,8,poor
919,M,18,at_home,health,home,mother,4,0,no,yes,no,yes,yes,5,5,5,2,5,6,6,poor
920,F,16,at_home,other,other,mother,2,0,no,yes,no,no,no,2,1,2,2,7,9,8,poor
921,M,17,other,services,home,mother,3,0,no,yes,no,no,yes,4,3,5,0,15,14,16,good
922,F,17,other,other,other,mother,1,0,no,no,no,no,yes,2,3,5,1,13,14,14,fair
923,M,16,services,services,other,mother,3,0,no,no,no,no,no,1,3,3,0,10,9,10,fair
924,F,17,at_home,other,other,mother,1,0,no,yes,yes,no,yes,1,3,5,5,9,9,9,poor
925,F,16,services,services,other,father,1,0,no,yes,no,no,no,1,3,5,1,11,11,11,fair
926,M,17,services,services,home,mother,1,0,no,yes,no,yes,yes,1,4,3,8,7,10,9,poor
927,M,17,at_home,services,other,mother,2,0,no,no,no,no,yes,1,3,1,0,10,10,10,fair
928,M,16,health,services,other,mother,2,0,no,no,no,no,yes,2,2,5,2,9,7,8,poor
929,F,16,other,services,other,mother,2,0,no,no,no,no,yes,2,2,3,0,14,15,16,good
930,M,16,teacher,health,other,father,1,0,no,yes,no,no,yes,1,2,5,0,11,12,12,fair
931,M,15,other,services,course,mother,2,0,no,yes,no,yes,no,5,5,5,11,9,11,10,fair
932,M,15,other,other,reputation,mother,4,0,no,yes,no,yes,no,4,5,5,8,13,14,14,fair
933,M,15,services,services,course,mother,1,0,no,no,no,yes,yes,3,3,5,11,12,13,12,fair
934,F,16,other,other,course,mother,3,0,no,yes,no,no,no,3,3,5,2,11,11,11,fair
935,F,16,other,other,home,mother,2,0,no,yes,no,yes,yes,2,4,1,8,9,10,10,fair
936,F,17,at_home,other,home,mother,1,0,no,no,no,no,no,3,3,1,5,9,11,11,fair
937,F,17,other,other,other,mother,2,0,yes,no,yes,no,no,1,3,5,0,11,9,11,fair
938,F,16,teacher,services,course,mother,3,0,no,yes,no,no,yes,3,5,5,1,10,11,12,fair
939,M,17,health,other,course,father,1,3,no,no,no,yes,yes,3,3,5,2,9,9,8,poor
940,M,17,other,other,course,father,1,0,no,no,no,yes,no,1,2,5,2,12,11,12,fair
941,M,17,services,other,other,mother,2,1,no,yes,no,yes,yes,4,4,5,8,8,9,8,poor
942,F,17,health,health,course,father,2,0,no,yes,no,no,yes,2,5,5,0,13,15,16,good
943,M,16,other,at_home,other,father,1,0,no,no,no,no,yes,1,2,2,0,10,11,11,fair
944,F,17,at_home,at_home,other,mother,2,0,no,no,no,yes,yes,5,5,3,2,11,10,11,fair
945,F,17,other,other,course,mother,2,0,yes,yes,no,no,yes,3,3,5,0,17,18,18,good
946,M,16,other,services,course,father,2,0,no,yes,no,no,yes,1,2,5,0,12,13,13,fair
947,M,17,other,other,other,father,2,0,no,yes,yes,no,yes,1,2,1,0,13,14,13,fair
948,M,19,other,other,other,mother,2,2,no,yes,no,yes,yes,4,3,4,2,9,9,10,fair
949,M,17,other,other,home,mother,1,0,no,no,no,no,no,1,2,5,4,11,11,12,fair
950,F,17,at_home,at_home,course,father,1,0,no,yes,no,yes,yes,5,5,4,3,10,11,10,fair
951,F,16,other,other,home,father,3,0,yes,yes,no,no,yes,3,4,3,5,13,14,13,fair
952,M,16,other,at_home,course,mother,1,0,no,no,no,no,no,4,4,5,4,9,10,11,fair
953,F,17,other,other,course,mother,2,3,no,yes,no,yes,yes,4,4,5,2,7,9,10,fair
954,M,17,other,other,course,mother,1,0,no,no,no,yes,no,5,5,5,0,8,13,10,fair
955,M,18,at_home,at_home,course,other,1,1,yes,yes,no,no,no,3,2,4,0,12,12,13,fair
956,M,17,other,services,course,mother,1,0,no,yes,no,yes,yes,5,5,2,0,10,9,10,fair
957,M,18,at_home,at_home,course,mother,2,0,no,yes,no,yes,no,3,3,5,6,10,9,10,fair
958,F,16,other,services,course,father,2,0,no,no,no,yes,no,4,3,1,0,11,13,12,fair
959,M,17,other,other,course,mother,1,1,no,no,no,yes,no,2,1,5,0,7,0,0,poor
960,M,16,services,other,course,father,1,0,no,no,no,no,yes,5,5,5,2,11,9,10,fair
961,M,16,at_home,other,course,mother,1,0,no,no,no,yes,yes,5,5,5,0,10,10,9,poor
962,M,18,services,other,course,other,1,1,no,yes,no,no,yes,3,3,5,2,9,7,9,poor
963,M,18,services,other,course,mother,1,1,no,no,no,no,yes,3,1,5,0,4,0,0,poor
964,M,19,at_home,services,course,mother,1,3,no,no,no,yes,no,2,1,3,4,6,11,9,poor
965,M,18,at_home,at_home,course,mother,2,2,no,yes,no,yes,yes,4,5,3,9,4,8,8,poor
966,M,16,services,services,course,mother,1,0,no,yes,no,yes,yes,4,3,4,6,7,8,8,poor
967,M,19,at_home,other,course,other,1,3,no,no,no,yes,yes,4,3,5,4,8,9,9,poor
968,F,16,services,at_home,course,mother,2,2,no,yes,no,yes,no,5,5,1,8,5,5,7,poor
969,F,17,other,at_home,course,mother,1,0,no,yes,no,yes,no,3,2,5,9,7,9,10,fair
970,M,20,other,other,course,other,1,1,no,yes,no,no,yes,4,3,4,12,8,11,10,fair
971,F,18,services,services,course,mother,1,0,no,yes,no,no,yes,4,4,2,8,10,11,10,fair
972,M,18,other,other,course,mother,1,0,no,yes,no,no,yes,5,5,5,8,9,10,11,fair
973,M,19,other,services,home,other,2,1,no,no,no,no,yes,4,4,2,8,10,9,11,fair
974,M,17,health,other,course,mother,2,1,no,yes,no,no,yes,5,4,3,4,8,9,10,fair
975,M,18,at_home,services,course,mother,1,0,no,no,no,no,yes,3,3,3,0,9,10,9,poor
976,M,19,other,other,home,other,1,1,no,yes,no,no,yes,4,4,5,4,8,9,10,fair
977,F,18,at_home,other,course,mother,2,2,no,yes,no,no,no,3,3,5,2,6,8,8,poor
978,F,19,at_home,other,course,mother,1,0,no,yes,no,no,no,4,4,5,0,6,8,7,poor
979,F,18,other,other,other,mother,1,1,no,no,no,no,yes,5,5,3,0,8,6,0,poor
980,F,17,at_home,other,course,mother,1,0,no,yes,no,no,yes,4,3,5,0,10,11,11,fair
981,F,17,other,at_home,course,other,3,0,no,yes,yes,no,no,2,3,3,5,8,7,8,poor
982,F,17,teacher,services,home,mother,2,0,yes,yes,no,yes,yes,5,5,5,0,8,8,0,poor
983,F,18,services,services,course,mother,2,1,no,yes,no,yes,yes,3,3,4,3,7,6,8,poor
984,F,17,health,at_home,course,mother,1,0,no,yes,no,no,no,2,2,5,0,8,10,9,poor
985,F,17,at_home,other,course,father,1,0,no,no,no,no,yes,5,1,3,0,7,10,10,fair
986,F,18,other,other,course,mother,2,2,no,no,no,yes,no,4,4,5,3,7,8,7,poor
987,F,18,services,at_home,reputation,father,2,0,no,no,no,yes,yes,3,5,1,2,12,13,14,fair
988,F,17,services,services,course,mother,1,0,no,yes,no,no,yes,4,3,4,0,11,12,13,fair
989,F,18,at_home,other,reputation,mother,2,0,no,no,no,no,yes,4,3,4,0,12,13,14,fair
990,F,18,teacher,teacher,reputation,mother,2,0,no,no,no,yes,yes,3,5,1,0,18,18,18,good
991,M,18,services,other,reputation,mother,1,0,no,yes,no,yes,yes,4,5,5,3,17,17,17,good
992,F,17,other,other,course,mother,2,0,no,yes,no,no,yes,3,3,4,0,17,18,18,good
993,F,18,at_home,other,course,mother,2,1,no,no,no,yes,no,3,3,4,0,9,0,0,poor
994,M,18,at_home,services,home,mother,1,0,no,yes,no,no,no,1,4,1,8,10,11,11,fair
995,M,18,at_home,services,other,mother,1,0,no,yes,yes,yes,yes,5,5,1,5,12,13,14,fair
996,M,17,other,services,other,father,1,0,no,no,no,no,no,2,3,4,4,12,13,14,fair
997,F,18,other,other,course,mother,2,0,no,yes,no,no,yes,3,1,2,4,8,8,10,fair
998,F,18,services,services,course,father,3,0,no,no,no,no,yes,4,5,3,0,11,12,13,fair
999,F,18,teacher,other,reputation,mother,2,0,no,no,no,yes,yes,3,1,5,0,5,0,0,poor
1000,F,18,at_home,services,course,mother,2,1,no,no,no,no,no,4,2,2,2,9,10,10,fair
1001,F,19,at_home,services,other,father,1,1,no,no,no,no,no,5,5,2,0,5,0,0,poor
1002,F,17,teacher,other,course,father,4,0,no,no,no,no,yes,2,3,5,0,18,18,18,good
1003,F,17,services,other,reputation,mother,2,0,no,no,no,yes,yes,3,3,2,5,11,11,12,fair
1004,F,18,at_home,services,course,mother,2,0,no,no,no,no,no,2,3,3,2,8,10,11,fair
1005,F,18,at_home,at_home,course,father,2,0,no,yes,no,no,no,1,1,4,0,11,11,12,fair
1006,F,19,at_home,at_home,course,other,2,3,no,yes,no,yes,no,5,4,1,0,8,0,0,poor
1007,F,18,services,other,home,mother,3,0,no,no,no,no,yes,2,1,4,5,14,14,15,good
1008,M,17,services,other,home,mother,2,1,no,yes,yes,yes,yes,5,5,2,4,10,11,11,fair
1009,F,18,services,services,course,father,2,0,no,yes,no,no,no,3,4,5,0,10,10,10,fair
1010,F,17,teacher,services,other,father,2,0,no,yes,yes,yes,yes,3,3,5,2,12,12,12,fair
1011,F,17,services,other,reputation,mother,2,0,no,no,no,no,no,2,3,5,0,15,14,15,good
1012,M,18,other,services,home,father,1,0,no,no,no,no,yes,3,2,3,2,14,13,14,fair
1013,F,18,at_home,services,course,father,3,0,no,no,no,no,yes,3,2,4,0,19,17,18,good
1014,F,18,at_home,other,course,mother,2,0,no,no,no,no,no,3,4,5,0,16,15,15,good
1015,F,18,services,services,other,mother,2,0,no,yes,no,no,yes,3,2,3,6,13,12,13,fair
1016,F,17,at_home,at_home,course,mother,2,0,no,yes,no,yes,yes,3,4,1,4,15,14,15,good
1017,F,17,other,services,course,father,2,0,no,no,no,no,no,2,2,3,0,13,13,13,fair
1018,M,18,at_home,other,course,mother,2,0,no,yes,yes,no,no,3,4,3,0,8,10,9,poor
1019,M,18,teacher,services,other,mother,3,0,no,no,no,no,yes,2,2,5,0,15,16,16,good
1020,F,17,other,services,reputation,mother,1,1,no,yes,no,no,yes,2,1,1,0,8,8,9,poor
1021,F,18,at_home,services,course,father,1,0,no,yes,no,no,yes,2,3,4,0,10,10,10,fair
1022,F,18,other,teacher,other,father,2,0,no,yes,no,no,yes,2,2,5,0,7,5,0,poor
1023,M,18,at_home,services,other,father,1,0,no,yes,no,yes,yes,3,3,3,3,9,10,10,fair
1024,F,17,other,at_home,home,mother,3,0,no,no,no,yes,no,4,3,3,8,10,11,12,fair
1025,F,17,other,other,course,mother,1,0,no,no,no,yes,yes,5,5,1,4,7,8,9,poor
1026,F,18,other,other,reputation,mother,3,0,no,no,no,no,yes,4,4,1,0,15,17,17,good
1027,F,18,other,other,home,mother,3,0,no,no,no,no,yes,3,2,4,4,10,11,12,fair
1028,F,19,at_home,other,course,other,2,1,no,yes,no,no,yes,3,3,3,4,7,8,9,poor
1029,F,18,teacher,services,course,mother,2,0,no,no,no,yes,yes,4,3,2,1,13,14,14,fair
1030,F,18,other,other,home,mother,2,0,no,no,no,no,yes,1,3,1,1,16,16,16,good
1031,F,17,at_home,other,reputation,mother,2,0,no,yes,no,yes,yes,5,4,1,10,8,9,9,poor
1032,M,18,teacher,teacher,home,father,2,0,no,no,no,yes,yes,2,4,2,4,17,18,19,good
1033,M,18,other,other,other,mother,1,0,no,no,no,yes,yes,4,3,5,0,7,7,0,poor
1034,M,17,other,services,home,father,2,0,no,no,no,yes,yes,4,3,3,4,14,15,16,good
1035,M,19,other,services,other,mother,1,1,no,no,no,no,no,3,2,5,0,5,8,0,poor
1036,M,18,other,other,home,father,1,1,no,no,yes,no,no,4,3,3,0,7,7,0,poor
1037,F,18,at_home,other,other,mother,3,0,no,no,no,no,no,3,3,4,0,14,17,15,good
1038,F,17,teacher,other,other,mother,2,0,no,no,no,no,yes,5,4,1,0,6,9,11,fair
1039,F,18,teacher,at_home,reputation,mother,1,0,no,yes,no,yes,yes,4,3,5,4,7,9,10,fair
1040,F,19,services,other,course,mother,3,1,no,no,no,yes,yes,4,2,5,4,10,11,10,fair
1041,F,18,teacher,services,course,mother,2,0,no,yes,no,no,yes,3,4,1,4,15,15,16,good
1042,F,18,other,other,course,mother,2,0,no,no,no,yes,no,1,1,5,6,11,12,9,poor
1043,M,17,services,services,course,mother,1,0,no,no,no,no,yes,4,5,2,6,10,10,10,fair
1044,M,18,services,other,course,mother,1,0,no,no,no,no,yes,4,1,5,4,10,11,11,fair
